colonia,alcaldia,latitud,longitud
GUADALUPE INN,ALVARO OBREGON,19.36125,-99.18314
VICTORIA DE LAS DEMOCRACIAS,AZCAPOTZALCO,19.47181,-99.16458
COPILCO EL BAJO,COYOACAN,19.33797,-99.18611
AGRICOLA PANTITLAN,IZTACALCO,19.40327,-99.05983
PROGRESISTA,IZTAPALAPA,19.3548,-99.06324
BARRIO DEL NINO JESUS,COYOACAN,19.33537,-99.16016
TOLTECA,ALVARO OBREGON,19.39,-99.19472
BANJIDAL,IZTAPALAPA,19.35996,-99.13696
PUEBLO SANTIAGO ACAHUALTEPEC,IZTAPALAPA,19.35325,-99.0041
CUCHILLA PANTITLAN,VENUSTIANO CARRANZA,19.42102,-99.06775
RESIDENCIAL LA ESCALERA,GUSTAVO A. MADERO,19.50959,-99.13985
LA NORIA,XOCHIMILCO,19.26772,-99.12733
TLAXPANA,MIGUEL HIDALGO,19.441,-99.16927
DOCTORES,CUAUHTEMOC,19.42244,-99.15237
MORELOS,CUAUHTEMOC,19.44962,-99.12782
ROMA NORTE,CUAUHTEMOC,19.41359,-99.15729
SAN JUAN DE ARAGON VI SECCION,GUSTAVO A. MADERO,19.46801,-99.06586
MIRAVALLES,IZTAPALAPA,19.33477,-99.00053
SAN JUAN,BENITO JUAREZ,19.38065,-99.18487
JUAREZ,CUAUHTEMOC,19.42676,-99.1664
POPOTLA,MIGUEL HIDALGO,19.45796,-99.17955
TEPALCATES,IZTAPALAPA,19.39706,-99.05837
UNIDAD VICENTE GUERRERO,IZTAPALAPA,19.36056,-99.056
DEL VALLE SUR,BENITO JUAREZ,19.37353,-99.1786
TENORIOS,IZTAPALAPA,19.32981,-99.02166
PUEBLO SAN FRANCISCO TLALTENCO,TLAHUAC,19.29245,-99.02049
MOCTEZUMA 2A. SECCION,VENUSTIANO CARRANZA,19.43023,-99.09931
ESCANDON I SECCION,MIGUEL HIDALGO,19.40546,-99.18163
ESTRELLA,GUSTAVO A. MADERO,19.47576,-99.11819
GUERRERO,CUAUHTEMOC,19.43769,-99.14753
EJERCITO DE AGUA PRIETA,IZTAPALAPA,19.36748,-99.03152
AGRICOLA ORIENTAL,IZTACALCO,19.39424,-99.08136
DEL MAR,TLAHUAC,19.28047,-99.05956
UNIDAD SANTA CRUZ MEYEHUALCO,IZTAPALAPA,19.34304,-99.04698
CENTRO,CUAUHTEMOC,19.436,-99.13998
EL MANTO,IZTAPALAPA,19.34742,-99.08147
LINDAVISTA SUR,GUSTAVO A. MADERO,19.48969,-99.12794
BUENAVISTA,CUAUHTEMOC,19.44552,-99.14842
ANO DE JUAREZ,IZTAPALAPA,19.3167,-99.07334
BOSQUE DE CHAPULTEPEC I SECCION,MIGUEL HIDALGO,19.41661,-99.18766
PRO HOGAR,AZCAPOTZALCO,19.47534,-99.14884
DR ALFONSO ORTIZ TIRADO,IZTAPALAPA,19.38215,-99.08371
REFORMA POLITICA,IZTAPALAPA,19.34434,-99.02823
CUAUHTEMOC,CUAUHTEMOC,19.42808,-99.16983
MARTIN CARRERA,GUSTAVO A. MADERO,19.48894,-99.10194
OBRERA,CUAUHTEMOC,19.42093,-99.13706
CASTILLO CHICO,GUSTAVO A. MADERO,19.53951,-99.13672
TACUBA,MIGUEL HIDALGO,19.45674,-99.18781
CAMPESTRE ARAGON,GUSTAVO A. MADERO,19.48641,-99.07984
BARRIO LOS REYES,TLAHUAC,19.22606,-98.96603
EL VERGEL,IZTAPALAPA,19.31653,-99.07702
EL TEPETATAL,GUSTAVO A. MADERO,19.56195,-99.13698
BARRIO DEL NINO JESUS,TLALPAN,19.2861,-99.16137
SAN SIMON TICUMAC,BENITO JUAREZ,19.37541,-99.14423
AMPLIACION CHALMA DE GUADALUPE,GUSTAVO A. MADERO,19.55786,-99.14966
PUEBLO SAN LORENZO TEZONCO,IZTAPALAPA,19.31094,-99.06889
CAMPAMENTO 2 DE OCTUBRE,IZTACALCO,19.38568,-99.12194
BOSQUE DE CHAPULTEPEC II SECCION,MIGUEL HIDALGO,19.41147,-99.20305
VASCO DE QUIROGA,GUSTAVO A. MADERO,19.49021,-99.09339
SAN SIMON TOLNAHUAC,CUAUHTEMOC,19.45758,-99.14314
AJUSCO,COYOACAN,19.32159,-99.16169
7 DE JULIO,VENUSTIANO CARRANZA,19.43008,-99.11424
PUEBLO SANTA MARIA TOMATLAN,IZTAPALAPA,19.3264,-99.1019
CHINAMPAC DE JUAREZ,IZTAPALAPA,19.38315,-99.03961
LOS GIRASOLES,COYOACAN,19.309,-99.12473
CONSTITUCION DE 1917,IZTAPALAPA,19.35262,-99.06161
CAPULTITLAN,GUSTAVO A. MADERO,19.48026,-99.13488
AMPL. ASTURIAS,CUAUHTEMOC,19.40671,-99.13551
HACIENDAS DE COYOACAN,COYOACAN,19.3008,-99.11319
NAN,XOCHIMILCO,19.25769,-99.06014
JARDINES DEL AJUSCO,TLALPAN,19.27958,-99.21249
SANTA MARIA NONOALCO,BENITO JUAREZ,19.3807,-99.18819
TACUBAYA,MIGUEL HIDALGO,19.40155,-99.18874
SANTA MARIA AZTAHUACAN,IZTAPALAPA,19.35267,-99.03969
BELLAVISTA,IZTAPALAPA,19.3308,-99.07489
TLACOQUEMECATL,BENITO JUAREZ,19.37452,-99.17851
JORGE NEGRETE,GUSTAVO A. MADERO,19.52805,-99.14211
LOMAS ALTAS,MIGUEL HIDALGO,19.39665,-99.22532
BELISARIO DOMINGUEZ SECCION XVI,TLALPAN,19.29095,-99.16101
CENTRAL DE ABASTO,IZTAPALAPA,19.3755,-99.09641
SANTA MARIA LA RIBERA,CUAUHTEMOC,19.44545,-99.16442
DEL VALLE NORTE,BENITO JUAREZ,19.40003,-99.16799
SANTA MARTHA ACATITLA NORTE,IZTAPALAPA,19.36855,-99.00995
EL ROSARIO,AZCAPOTZALCO,19.50326,-99.20375
INPI PICOS,IZTACALCO,19.38775,-99.10343
D M NACIONAL,GUSTAVO A. MADERO,19.47959,-99.09563
LA ESPERANZA,IZTAPALAPA,19.3183,-99.07553
VILLA LAZARO CARDENAS,TLALPAN,19.2955,-99.14017
HUAYATLA,LA MAGDALENA CONTRERAS,19.30641,-99.26473
ACACIAS,BENITO JUAREZ,19.36377,-99.17317
ARGENTINA ANTIGUA,MIGUEL HIDALGO,19.45325,-99.20212
VILLA COYOACAN,COYOACAN,19.34755,-99.16355
SANTA CECILIA,TLAHUAC,19.27656,-99.00628
AMERICAS UNIDAS,BENITO JUAREZ,19.3804,-99.14013
PORVENIR,AZCAPOTZALCO,19.47295,-99.14689
NUEVA ATZACOALCO,GUSTAVO A. MADERO,19.50249,-99.08424
NAN,FUERA DE CDMX,,
BENITO JUAREZ,GUSTAVO A. MADERO,19.53335,-99.14044
PUEBLO SAN LORENZO XICOTENCATL,IZTAPALAPA,19.38435,-99.02929
PUEBLO SANTIAGO AHUIZOTLA,AZCAPOTZALCO,19.47718,-99.2068
PASTEROS,AZCAPOTZALCO,19.49293,-99.19678
ADOLFO LOPEZ MATEOS,CUAJIMALPA DE MORELOS,19.36208,-99.29426
CUCHILLA DEL TESORO,GUSTAVO A. MADERO,19.44747,-99.06273
PUEBLO SANTA URSULA XITLA,TLALPAN,19.28416,-99.17572
PUEBLO SAN MATEO XALPA,XOCHIMILCO,19.23414,-99.11888
AMPLIACION AVIACION CIVIL,VENUSTIANO CARRANZA,19.41523,-99.07493
CENTRO DE AZCAPOTZALCO,AZCAPOTZALCO,19.47825,-99.18701
INSURGENTES CUICUILCO,COYOACAN,19.30254,-99.19114
SAN MIGUEL CHAPULTEPEC II SECCION,MIGUEL HIDALGO,19.41915,-99.17807
SAN PEDRO DE LOS PINOS,BENITO JUAREZ,19.38805,-99.18248
MIXCOAC,BENITO JUAREZ,19.37743,-99.19046
POLANCO V SECCION,MIGUEL HIDALGO,19.43685,-99.18426
GRANADA,MIGUEL HIDALGO,19.44033,-99.20143
POLANCO III SECCION,MIGUEL HIDALGO,19.43441,-99.19708
MARTIRES DE RIO BLANCO,GUSTAVO A. MADERO,19.4626,-99.1141
CULHUACAN CTM SECCION IX-A,COYOACAN,19.3148,-99.10382
NAN,NAN,,
EJERCITO DE ORIENTE ZONA PENON,IZTAPALAPA,19.36903,-99.02622
AMPLIACION SAN PEDRO XALPA,AZCAPOTZALCO,19.48141,-99.21907
PUEBLO SANTA CECILIA TEPETLAPA,XOCHIMILCO,19.21572,-99.0965
NARVARTE ORIENTE,BENITO JUAREZ,19.40139,-99.14826
LOS OLIVOS,TLAHUAC,19.3049,-99.06161
TLAPECHICO,ALVARO OBREGON,19.38029,-99.24329
PUEBLO SAN MATEO TLALTENANGO,CUAJIMALPA DE MORELOS,19.34529,-99.27968
TORRE BLANCA,MIGUEL HIDALGO,19.45953,-99.18994
PROVIDENCIA,AZCAPOTZALCO,19.49086,-99.20752
LETRAN VALLE,BENITO JUAREZ,19.37941,-99.15914
GABRIEL RAMOS MILLAN SECCION CUCHILLA,IZTACALCO,19.38589,-99.09181
BARRIO SAN MIGUEL,MILPA ALTA,19.18753,-99.0742
C T M ARAGON,GUSTAVO A. MADERO,19.4528,-99.0566
SAN ANGEL,ALVARO OBREGON,19.34579,-99.19003
EL ROSARIO,COYOACAN,19.32853,-99.1425
INDUSTRIAL SAN ANTONIO,AZCAPOTZALCO,19.47882,-99.19447
GENERAL IGNACIO ZARAGOZA,VENUSTIANO CARRANZA,19.41327,-99.08838
ROMERO RUBIO,VENUSTIANO CARRANZA,19.44058,-99.09522
AMPLIACION NATIVITAS,XOCHIMILCO,19.2379,-99.09467
GRANJAS CABRERA,TLAHUAC,19.3003,-99.06298
CONTADERO,CUAJIMALPA DE MORELOS,19.33916,-99.31106
AMPLIACION EMILIANO ZAPATA,IZTAPALAPA,19.33948,-98.9785
PUEBLO SAN ANDRES TOTOLTEPEC,TLALPAN,19.24699,-99.17761
LOMAS DE ZARAGOZA,IZTAPALAPA,19.35091,-98.99569
SAN JOSE DE LOS CEDROS,CUAJIMALPA DE MORELOS,19.36936,-99.29287
PUEBLO SANTO TOMAS AJUSCO,TLALPAN,19.21942,-99.20324
PROGRESO TIZAPAN,ALVARO OBREGON,19.34425,-99.20247
TLALPAN,TLALPAN,19.29216,-99.17629
PARAISO,ALVARO OBREGON,19.39072,-99.21263
EX EJIDO SAN PABLO TEPETLAPA,COYOACAN,19.31844,-99.12002
PUEBLO SAN PEDRO MARTIR,TLALPAN,19.26405,-99.16577
PASEOS DE CHURUBUSCO,IZTAPALAPA,19.38728,-99.087
NARVARTE PONIENTE,BENITO JUAREZ,19.38989,-99.15799
GUADALUPITA,XOCHIMILCO,19.2555,-99.01816
GERTRUDIS SANCHEZ 3A SECCION,GUSTAVO A. MADERO,19.46197,-99.09882
CULHUACAN CTM CANAL NACIONAL,COYOACAN,19.32417,-99.10863
PUEBLO SAN JUAN DE ARAGON,GUSTAVO A. MADERO,19.46483,-99.08455
COPILCO EL ALTO,COYOACAN,19.33236,-99.17746
LA ERA,IZTAPALAPA,19.33937,-99.05504
SAN JUAN ESTRELLA,IZTAPALAPA,19.32761,-99.07248
CULHUACAN CTM SECCION X-A,COYOACAN,19.32251,-99.11727
XOCO,BENITO JUAREZ,19.36215,-99.17033
PENON DE LOS BANOS,VENUSTIANO CARRANZA,19.43965,-99.08268
LLANO REDONDO,ALVARO OBREGON,19.35595,-99.24513
TLALCOLIGIA,TLALPAN,19.27514,-99.17301
DESARROLLO URBANO QUETZALCOATL,IZTAPALAPA,19.32548,-99.04017
VIADUCTO PIEDAD,IZTACALCO,19.401,-99.13118
PUEBLO OCOTLA,TLALPAN,19.20154,-99.15443
CERRO DE LA ESTRELLA,IZTAPALAPA,19.32659,-99.07725
POPULAR RASTRO,VENUSTIANO CARRANZA,19.45236,-99.11986
NAPOLES,BENITO JUAREZ,19.38956,-99.17561
SAN JUAN DE ARAGON III SECCION,GUSTAVO A. MADERO,19.45581,-99.07222
PEDREGAL DE SANTO DOMINGO,COYOACAN,19.32917,-99.1712
EX-EJIDO LA MAGDALENA MIXHUCA,IZTACALCO,19.39349,-99.08986
MODERNA,BENITO JUAREZ,19.39492,-99.13615
JACARANDAS,IZTAPALAPA,19.34687,-99.05227
ESCUADRON 201,IZTAPALAPA,19.36327,-99.11378
EXTREMADURA INSURGENTES,BENITO JUAREZ,19.37944,-99.17892
SAN BARTOLO ATEPEHUACAN,GUSTAVO A. MADERO,19.4928,-99.14554
LOS ALPES,ALVARO OBREGON,19.35644,-99.19883
LOMAS DE VISTA HERMOSA,CUAJIMALPA DE MORELOS,19.3795,-99.27251
NONOALCO TLATELOLCO,CUAUHTEMOC,19.4508,-99.13589
ALFONSO XIII,ALVARO OBREGON,19.37589,-99.19862
CULHUACAN CTM SECCION PILOTO,COYOACAN,19.32328,-99.113
AMPLIACION CASAS ALEMAN,GUSTAVO A. MADERO,19.47384,-99.08205
SAN JUAN DE ARAGON I SECCION,GUSTAVO A. MADERO,19.45677,-99.09194
INSURGENTES MIXCOAC,BENITO JUAREZ,19.37186,-99.17972
POLANCO II SECCION,MIGUEL HIDALGO,19.43546,-99.20688
SAN MIGUEL TEOTONGO SECC PALMITAS,IZTAPALAPA,19.34007,-98.99184
SAN PEDRO DE LOS PINOS,ALVARO OBREGON,19.38951,-99.19018
ARENAL 4A. SECCION,VENUSTIANO CARRANZA,19.4316,-99.05953
VERONICA ANZURES,MIGUEL HIDALGO,19.43729,-99.173
PUEBLO SANTIAGO TEPALCATLALPAN,XOCHIMILCO,19.24775,-99.12316
CARLOS A MADRAZO,ALVARO OBREGON,19.37836,-99.24966
AMPLIACION DEL GAS,AZCAPOTZALCO,19.46857,-99.1594
CUAJIMALPA,CUAJIMALPA DE MORELOS,19.35389,-99.30048
SANTO TOMAS,AZCAPOTZALCO,19.48891,-99.1738
SAN RAFAEL,CUAUHTEMOC,19.43826,-99.16597
MAGDALENA DE LAS SALINAS,GUSTAVO A. MADERO,19.48332,-99.14271
LOMAS DE SAN LORENZO,IZTAPALAPA,19.3177,-99.06126
CASA BLANCA,IZTAPALAPA,19.33138,-99.06748
CACAMA,IZTAPALAPA,19.35956,-99.12777
SAN JUAN DE ARAGON VII SECCION,GUSTAVO A. MADERO,19.47122,-99.07941
PUEBLO SANTA CATARINA,AZCAPOTZALCO,19.49276,-99.17288
JARDINES DEL PEDREGAL,ALVARO OBREGON,19.33191,-99.2045
MERCED BALBUENA,VENUSTIANO CARRANZA,19.4213,-99.12393
GOLONDRINAS 1RA SECCION,ALVARO OBREGON,19.38005,-99.21273
EX-EJIDO DE SAN FRANCISCO CULHUACAN,COYOACAN,19.32918,-99.12184
BARRIO SAN ANTONIO CULHUACAN,IZTAPALAPA,19.33929,-99.11308
LOMAS DE CHAPULTEPEC VI SECCION,MIGUEL HIDALGO,19.42019,-99.2177
BARRIO SAN MIGUEL,IZTAPALAPA,19.35109,-99.07487
GUADALUPE TEPEYAC,GUSTAVO A. MADERO,19.47255,-99.12176
PUENTE BLANCO,IZTAPALAPA,19.32949,-99.06551
UN HOGAR PARA NOSOTROS,MIGUEL HIDALGO,19.4508,-99.17099
5TO TRAMO 20 DE NOVIEMBRE,VENUSTIANO CARRANZA,19.4503,-99.11054
CHURUBUSCO COUNTRY CLUB,COYOACAN,19.35315,-99.14279
TORIELLO GUERRA,TLALPAN,19.29266,-99.16801
PORTALES NORTE,BENITO JUAREZ,19.36932,-99.15006
DEL LAGO,BENITO JUAREZ,19.37751,-99.14062
ARVIDE,ALVARO OBREGON,19.38088,-99.20338
20 DE NOVIEMBRE,VENUSTIANO CARRANZA,19.44102,-99.10764
PORTALES SUR,BENITO JUAREZ,19.36186,-99.15217
TABACALERA,CUAUHTEMOC,19.43722,-99.14706
RANCHO TEJOMULCO,XOCHIMILCO,19.245,-99.0863
MINAS CRISTO REY,ALVARO OBREGON,19.38067,-99.20021
TLALPAN CENTRO,TLALPAN,19.28511,-99.166
10 DE MAYO,VENUSTIANO CARRANZA,19.43271,-99.11775
BARRIO LA CONCEPCION,MILPA ALTA,19.19188,-99.02108
PUEBLO NUEVO,ALVARO OBREGON,19.38143,-99.24018
NAN,TLAHUAC,19.28465,-99.04482
LOMAS DE PADIERNA,TLALPAN,19.2913,-99.22747
EL ROSEDAL,COYOACAN,19.3379,-99.14798
2DO REACOMODO TLACUITLAPA,ALVARO OBREGON,19.35604,-99.23736
BARRIO SANTIAGO SUR,TLAHUAC,19.2964,-99.03439
SANTA FE,ALVARO OBREGON,19.37451,-99.25295
ESCANDON II SECCION,MIGUEL HIDALGO,19.40061,-99.17105
JARDINES DEL PEDREGAL DE SAN ANGEL,COYOACAN,19.30795,-99.19683
TENORIOS,TLALPAN,19.29615,-99.11865
BELLAVISTA,ALVARO OBREGON,19.39518,-99.19339
LEYES DE REFORMA 3A SECCION,IZTAPALAPA,19.37489,-99.073
LORENZO BOTURINI,VENUSTIANO CARRANZA,19.4142,-99.12724
HIPODROMO,CUAUHTEMOC,19.4131,-99.17228
VIEJO EJIDO SANTA URSULA COAPA,COYOACAN,19.30501,-99.14023
PERALVILLO,CUAUHTEMOC,19.46227,-99.1379
PUEBLO SAN SEBASTIAN TECOLOXTITLA,IZTAPALAPA,19.36273,-99.01753
PENSADOR MEXICANO,VENUSTIANO CARRANZA,19.44275,-99.07916
PROVIDENCIA,GUSTAVO A. MADERO,19.48364,-99.07068
BARRIO SAN PEDRO,XOCHIMILCO,19.25658,-99.1086
BOSQUE RESIDENCIAL DEL SUR,XOCHIMILCO,19.28029,-99.13162
EL MOLINO TEZONCO,IZTAPALAPA,19.29733,-99.06716
LOMAS DE SAN BERNABE,LA MAGDALENA CONTRERAS,19.31603,-99.26304
GRANJAS COAPA,TLALPAN,19.29559,-99.11015
CLAVERIA,AZCAPOTZALCO,19.46574,-99.17748
LOS ANGELES,IZTAPALAPA,19.34568,-99.07105
CULHUACAN CTM SECCION III,COYOACAN,19.32719,-99.11812
BARRIO SAN PABLO,IZTAPALAPA,19.3586,-99.08561
PUEBLO SANTA LUCIA,ALVARO OBREGON,19.358,-99.25658
BARRIO CALTONGO,XOCHIMILCO,19.2577,-99.07901
JUSTO SIERRA,IZTAPALAPA,19.3645,-99.1342
CHALMA DE GUADALUPE,GUSTAVO A. MADERO,19.55082,-99.15063
FUENTES DEL PEDREGAL,TLALPAN,19.31102,-99.22149
PUEBLO SANTA MARTHA ACATITLA,IZTAPALAPA,19.35604,-99.00643
EL TANQUE,LA MAGDALENA CONTRERAS,19.32666,-99.24979
PEDREGAL DE SN FRANCISCO,COYOACAN,19.33836,-99.16358
VERTIZ NARVARTE,BENITO JUAREZ,19.38359,-99.15587
PUEBLO SAN BERNABE OCOTEPEC,LA MAGDALENA CONTRERAS,19.31334,-99.25896
JARDINES DEL SUR,XOCHIMILCO,19.25544,-99.11862
MIRAVALLE,BENITO JUAREZ,19.36159,-99.14077
PRESIDENTES EJIDALES 2A SECCION,COYOACAN,19.32249,-99.12476
CAMPESTRE CHURUBUSCO,COYOACAN,19.34329,-99.14303
MAGDALENA MIXIUHCA,VENUSTIANO CARRANZA,19.40856,-99.11908
BARRIO XALTOCAN,XOCHIMILCO,19.25581,-99.10085
PARAJE SAN JUAN,IZTAPALAPA,19.34188,-99.07219
BARRIO SAN JOSE,IZTAPALAPA,19.36676,-99.08792
MERCED GOMEZ,ALVARO OBREGON,19.36634,-99.20063
CRISTO REY,ALVARO OBREGON,19.38917,-99.20721
PUEBLO DE SANTIAGO ATZACOALCO,GUSTAVO A. MADERO,19.4953,-99.09822
MIGUEL HIDALGO 2A SECCION,TLALPAN,19.27975,-99.19539
BUENOS AIRES,CUAUHTEMOC,19.40718,-99.14498
COVE,ALVARO OBREGON,19.40144,-99.19752
1RA AMPLIACION PRESIDENTES,ALVARO OBREGON,19.37347,-99.22473
SIMON BOLIVAR,VENUSTIANO CARRANZA,19.44927,-99.09807
BARRIO CALYEQUITA,XOCHIMILCO,19.25261,-99.01165
LAS AGUILAS,ALVARO OBREGON,19.35986,-99.19795
ARENAL,AZCAPOTZALCO,19.46639,-99.15021
LA PRADERA,GUSTAVO A. MADERO,19.47296,-99.0681
PEDREGAL DE SANTA URSULA XITLA,TLALPAN,19.27323,-99.17902
SAN LORENZO LA CEBADA,XOCHIMILCO,19.28055,-99.12383
SANTA CRUZ ATOYAC,BENITO JUAREZ,19.36737,-99.16679
CAFETALES,COYOACAN,19.31096,-99.11077
SAN JUANICO,MIGUEL HIDALGO,19.45082,-99.18748
AMPLIACION NAPOLES,BENITO JUAREZ,19.38767,-99.17968
BUENAVISTA,IZTAPALAPA,19.32466,-99.03312
LA REGADERA,IZTAPALAPA,19.35293,-99.06382
PUEBLO STA CRUZ MEYEHUALCO,IZTAPALAPA,19.33969,-99.04029
LA DRAGA,TLAHUAC,19.28242,-99.04208
SANTA FE CENTRO CIUDAD,ALVARO OBREGON,19.36873,-99.26087
PUEBLO SANTA MARIA TEPEPAN,XOCHIMILCO,19.27232,-99.13592
GUADALUPE DEL MORAL,IZTAPALAPA,19.37009,-99.07485
SANTA ANITA,IZTACALCO,19.40172,-99.12186
SAN FELIPE DE JESUS,GUSTAVO A. MADERO,19.50134,-99.07556
CANTERA PUENTE DE PIEDRA,TLALPAN,19.29897,-99.16255
SANTA FE CUAJIMALPA,CUAJIMALPA DE MORELOS,19.36398,-99.27119
PIEDAD NARVARTE,BENITO JUAREZ,19.40212,-99.15231
BARRIO SAN MARCOS,XOCHIMILCO,19.26159,-99.10855
ROMA SUR,CUAUHTEMOC,19.40679,-99.16408
LA RAZA,AZCAPOTZALCO,19.46451,-99.14624
PUEBLO PARRES EL GUARDA,TLALPAN,19.1334,-99.18096
JUVENTINO ROSAS,IZTACALCO,19.39364,-99.1068
PERIODISTA,BENITO JUAREZ,19.38241,-99.14613
BARRIO TENANTITLA,MILPA ALTA,19.22179,-98.99442
NATIVITAS,BENITO JUAREZ,19.37853,-99.13927
JUAN ESCUTIA,IZTAPALAPA,19.38609,-99.03667
NARCISO MENDOZA,TLALPAN,19.29339,-99.12314
MAZA,CUAUHTEMOC,19.45388,-99.12771
PUEBLO SAN JUAN TLIHUACA,AZCAPOTZALCO,19.48956,-99.2039
LOS CIPRESES,COYOACAN,19.31836,-99.12577
HUICHAPAN,MIGUEL HIDALGO,19.45912,-99.19649
C T M EL RISCO,GUSTAVO A. MADERO,19.50932,-99.09433
LOMAS DE PLATEROS,ALVARO OBREGON,19.36753,-99.20012
ADOLFO LOPEZ MATEOS,VENUSTIANO CARRANZA,19.41636,-99.07471
EL RETONO,IZTAPALAPA,19.37523,-99.12545
SAN DIEGO OCOYOACAC,MIGUEL HIDALGO,19.4613,-99.19328
25 DE JULIO,GUSTAVO A. MADERO,19.49596,-99.0801
LA HABANA,TLAHUAC,19.26454,-98.99344
GRANJAS MEXICO,IZTACALCO,19.40684,-99.10246
ARAGON LA VILLA,GUSTAVO A. MADERO,19.48119,-99.11482
BOSQUE DE LAS LOMAS,MIGUEL HIDALGO,19.40108,-99.24807
AMPLIACION LAS AGUILAS,ALVARO OBREGON,19.35062,-99.22026
SAN JUAN DE ARAGON IV SECCION,GUSTAVO A. MADERO,19.45184,-99.06457
ANO DE JUAREZ,XOCHIMILCO,19.24729,-99.08645
SAN MIGUEL CHAPULTEPEC I SECCION,MIGUEL HIDALGO,19.40289,-99.18704
BARRIO SANTA CATARINA,COYOACAN,19.34575,-99.1726
BARRIO SAN MATEO,AZCAPOTZALCO,19.48429,-99.19342
CITLALLI,IZTAPALAPA,19.34319,-99.02256
LOMAS DE BECERRA,ALVARO OBREGON,19.38424,-99.21704
TLALPEXCO,GUSTAVO A. MADERO,19.54707,-99.12809
GUADALUPE PROLETARIA,GUSTAVO A. MADERO,19.52029,-99.15715
PUEBLO SANTA BARBARA,AZCAPOTZALCO,19.50511,-99.18275
RICARDO FLORES MAGON,IZTAPALAPA,19.35542,-99.09861
SECTOR POPULAR,IZTAPALAPA,19.3666,-99.12239
EJIDOS DE SAN PEDRO MARTIR,TLALPAN,19.26782,-99.15856
EL SANTUARIO,IZTAPALAPA,19.35601,-99.09333
JOSE LOPEZ PORTILLO,IZTAPALAPA,19.30119,-99.08418
OLIVAR DE LOS PADRES,ALVARO OBREGON,19.34222,-99.21076
NUEVA SANTA MARIA,AZCAPOTZALCO,19.46027,-99.16746
BARRIO SAN ANTONIO,IZTAPALAPA,19.30603,-99.0779
EL SIFON,IZTAPALAPA,19.37059,-99.10823
AMPLIACION PENITENCIARIA,VENUSTIANO CARRANZA,19.43552,-99.11571
DEL RECREO,AZCAPOTZALCO,19.46964,-99.18688
VALLE DEL SUR,IZTAPALAPA,19.3505,-99.11992
MORELOS,VENUSTIANO CARRANZA,19.44726,-99.12254
LEYES DE REFORMA 1A SECCION,IZTAPALAPA,19.36088,-99.07108
SINDICATO MEXICANO DE ELECTRICISTAS,AZCAPOTZALCO,19.47706,-99.17744
PUEBLO DE LOS REYES,COYOACAN,19.33747,-99.15811
TEZOZOMOC,AZCAPOTZALCO,19.49029,-99.19956
PUEBLO SAN MIGUEL XICALCO,TLALPAN,19.23454,-99.16177
RESIDENCIAL ACOXPA,TLALPAN,19.29805,-99.12495
AVANTE,COYOACAN,19.32928,-99.13676
VALLEJO,GUSTAVO A. MADERO,19.4639,-99.12537
LOMAS DE CUAUTEPEC,GUSTAVO A. MADERO,19.56706,-99.13349
BOSQUES DEL PEDREGAL,TLALPAN,19.27051,-99.24122
RESIDENCIAL MIRAMONTES,TLALPAN,19.30252,-99.12331
FEDERAL,VENUSTIANO CARRANZA,19.41914,-99.09129
CHIMALISTAC,ALVARO OBREGON,19.34111,-99.18938
CULHUACAN CTM SECCION VIII,COYOACAN,19.32006,-99.10299
VILLA DE CORTES,BENITO JUAREZ,19.38783,-99.13709
BARRIO SAN MARCOS,AZCAPOTZALCO,19.48759,-99.17967
CUADRANTE DE SAN FRANCISCO,COYOACAN,19.34233,-99.16804
BARRIO LA ASUNCION,IZTAPALAPA,19.36506,-99.09255
PUEBLO SAN GREGORIO ATLAPULCO,XOCHIMILCO,19.25316,-99.05573
LOMAS DE LA ESTANCIA,IZTAPALAPA,19.33082,-99.0046
ERMITA ZARAGOZA,IZTAPALAPA,19.36251,-98.99547
IRRIGACION,MIGUEL HIDALGO,19.44043,-99.20527
ESTRELLA CULHUACAN,IZTAPALAPA,19.33107,-99.10668
TRANSITO,CUAUHTEMOC,19.41792,-99.13259
ESTACION PANTACO,AZCAPOTZALCO,19.47472,-99.17369
PUEBLO LA MAGDALENA PETLACALCO,TLALPAN,19.23262,-99.17941
BARRIO NORTE,ALVARO OBREGON,19.37727,-99.20307
PUEBLO TIZAPAN,ALVARO OBREGON,19.33343,-99.20447
REFORMA IZTACCIHUATL SUR,IZTAPALAPA,19.377,-99.12959
RINCONADA COAPA 2A SECCION,TLALPAN,19.29817,-99.11311
AERONAUTICA MILITAR,VENUSTIANO CARRANZA,19.4191,-99.11573
BARRIO CRUZTITLA,MILPA ALTA,19.21691,-98.99392
CONDESA,CUAUHTEMOC,19.41262,-99.17566
GOLONDRINAS 2DA SECCION,ALVARO OBREGON,19.37797,-99.21544
SANTA ROSA,GUSTAVO A. MADERO,19.52205,-99.16748
AMPLIACION PILOTO ADOLFO LOPEZ MATEOS,ALVARO OBREGON,19.37088,-99.22748
C T M ATZACOALCO,GUSTAVO A. MADERO,19.50586,-99.09289
PUEBLO SAN MIGUEL AMANTLA,AZCAPOTZALCO,19.47715,-99.20515
ARAGON INGUARAN,GUSTAVO A. MADERO,19.46886,-99.10514
BARRIO SAN IGNACIO,IZTAPALAPA,19.36737,-99.09784
DEL CARMEN,COYOACAN,19.354,-99.17535
PAULINO NAVARRO,CUAUHTEMOC,19.41011,-99.1298
AMPLIACION PROGRESO NACIONAL,GUSTAVO A. MADERO,19.51887,-99.163
LOS MANZANOS,MIGUEL HIDALGO,19.44399,-99.1856
BELEM DE LAS FLORES,ALVARO OBREGON,19.39871,-99.21099
POSTAL,BENITO JUAREZ,19.3899,-99.14333
ALAMOS,BENITO JUAREZ,19.40151,-99.14305
BARRIO GUADALUPE,IZTAPALAPA,19.31113,-99.07001
PUEBLO SANTA CRUZ XOCHITEPEC,XOCHIMILCO,19.26082,-99.12597
PUEBLO NUEVO ALTO,LA MAGDALENA CONTRERAS,19.30452,-99.25433
CUAUTEPEC BARRIO ALTO,GUSTAVO A. MADERO,19.55494,-99.13397
COPILCO UNIVERSIDAD,COYOACAN,19.33573,-99.18126
EJERCITO DE ORIENTE,IZTAPALAPA,19.38169,-99.03623
SANTA MARIA TICOMAN,GUSTAVO A. MADERO,19.51769,-99.13452
PUEBLO LA CANDELARIA,COYOACAN,19.3331,-99.14611
INDEPENDENCIA,BENITO JUAREZ,19.37927,-99.15247
LAS CRUCES,LA MAGDALENA CONTRERAS,19.31788,-99.25751
ZONA CENTRO,VENUSTIANO CARRANZA,19.42319,-99.12369
DEL GAS,AZCAPOTZALCO,19.47186,-99.15868
INDUSTRIAL VALLEJO,AZCAPOTZALCO,19.49319,-99.15828
SAN FRANCISCO CULHUACAN BARRIO DE SANTA ANA,COYOACAN,19.33721,-99.12147
VALENTIN GOMEZ FARIAS,VENUSTIANO CARRANZA,19.41632,-99.09094
FLORIDA,ALVARO OBREGON,19.35921,-99.18354
EL TRIUNFO,IZTAPALAPA,19.37569,-99.12238
VERGEL DEL SUR,TLALPAN,19.29718,-99.13608
BARRIO SAN JUAN,MILPA ALTA,19.1863,-99.068
UNIDAD EJERCITO CONSTITUCIONALISTA,IZTAPALAPA,19.38063,-99.0515
AMPLIACION TEPEPAN,XOCHIMILCO,19.26358,-99.13012
GERTRUDIS SANCHEZ 2A SECCION,GUSTAVO A. MADERO,19.46785,-99.10228
NAN,MILPA ALTA,19.18415,-99.01521
JARDIN BALBUENA,VENUSTIANO CARRANZA,19.41952,-99.11233
PUEBLO SAN ANDRES,AZCAPOTZALCO,19.49182,-99.18351
FRANCISCO VILLA,IZTAPALAPA,19.33801,-99.05815
DEGOLLADO-MEXICATLALLI,IZTAPALAPA,19.31772,-99.0424
ANAHUAC I SECCION,MIGUEL HIDALGO,19.45033,-99.18394
CONSTITUCION DE LA REPUBLICA,GUSTAVO A. MADERO,19.48156,-99.10416
EL PARAISO,IZTAPALAPA,19.37898,-99.03294
CAMPESTRE POTRERO,TLAHUAC,19.32499,-98.96028
NUEVA EL ROSARIO,AZCAPOTZALCO,19.50388,-99.18349
PUEBLO SANTA MARIA AZTAHUACAN,IZTAPALAPA,19.35516,-99.02404
NICOLAS BRAVO,VENUSTIANO CARRANZA,19.45519,-99.12376
BARRIO SANTA ANA PONIENTE,TLAHUAC,19.29997,-99.04706
LOS OLIVOS,COYOACAN,19.31247,-99.13186
JOSE MARIA MORELOS Y PAVON,IZTAPALAPA,19.37292,-99.02831
BOSQUES DE LAS LOMAS,CUAJIMALPA DE MORELOS,19.38673,-99.25217
MOLINO DE ROSAS,ALVARO OBREGON,19.37283,-99.20163
PUEBLO SAN NICOLAS TOTOLAPAN,LA MAGDALENA CONTRERAS,19.29804,-99.23987
PRESIDENTES,ALVARO OBREGON,19.37993,-99.22223
ATLANTIDA,COYOACAN,19.34193,-99.14388
PUEBLO SAN ANDRES AHUAYUCAN,XOCHIMILCO,19.22417,-99.1055
LOS SAUCES,COYOACAN,19.3029,-99.12183
ISIDRO FABELA,ALVARO OBREGON,19.38584,-99.20782
AMPLIACION LOMAS DE SAN BERNABE,ALVARO OBREGON,19.30515,-99.27071
CULHUACAN CTM CROC,COYOACAN,19.32592,-99.1195
VILLA PROGRESISTA,ALVARO OBREGON,19.35552,-99.24393
CUCHILLA AGRICOLA ORIENTAL,IZTACALCO,19.40591,-99.08018
ZONA ESCOLAR,GUSTAVO A. MADERO,19.54219,-99.14993
DEL CARMEN,GUSTAVO A. MADERO,19.54285,-99.13345
LOMAS DE CHAMONTOYA,ALVARO OBREGON,19.31409,-99.26935
MESA DE LOS HORNOS,TLALPAN,19.27442,-99.1832
SAN MIGUEL TEOTONGO SECC CORRALES,IZTAPALAPA,19.33928,-98.99248
SANTA FE PENA BLANCA,ALVARO OBREGON,19.36973,-99.26571
PUEBLO SAN LORENZO ACOPILCO,CUAJIMALPA DE MORELOS,19.33116,-99.32555
DEL MAESTRO,AZCAPOTZALCO,19.48393,-99.18231
PUEBLO SAN MARTIN XOCHINAHUAC,AZCAPOTZALCO,19.49843,-99.19023
AMPLIACION PARAJE SAN JUAN,IZTAPALAPA,19.33902,-99.06901
BARRIO SAN JUAN Y GUADALUPE TICOMAN,GUSTAVO A. MADERO,19.5235,-99.12736
CAROLA,ALVARO OBREGON,19.38436,-99.19428
AMPLIACION FUENTES DEL PEDREGAL,TLALPAN,19.3091,-99.21791
EX HIPODROMO DE PERALVILLO,CUAUHTEMOC,19.45894,-99.13394
NUEVA INDUSTRIAL VALLEJO,GUSTAVO A. MADERO,19.50415,-99.13929
SAN JUAN DE ARAGON II SECCION,GUSTAVO A. MADERO,19.45336,-99.08287
CONSEJO AGRARISTA MEXICANO,IZTAPALAPA,19.32835,-99.0538
PROGRESO NACIONAL,GUSTAVO A. MADERO,19.51981,-99.14621
ANAHUAC II SECCION,MIGUEL HIDALGO,19.44702,-99.1726
CARACOL,VENUSTIANO CARRANZA,19.42682,-99.06581
POTRERILLO,LA MAGDALENA CONTRERAS,19.30736,-99.25372
GABRIEL RAMOS MILLAN SECCION BRAMADERO,IZTACALCO,19.39482,-99.09715
XOCHIPILLI,XOCHIMILCO,19.24892,-99.08698
OBRERO POPULAR,AZCAPOTZALCO,19.4669,-99.17586
AMPLIACION 20 DE NOVIEMBRE,VENUSTIANO CARRANZA,19.44274,-99.11339
PARQUE SAN ANDRES,COYOACAN,19.34617,-99.14506
BONDOJITO,GUSTAVO A. MADERO,19.46735,-99.11073
PENITENCIARIA,VENUSTIANO CARRANZA,19.43644,-99.11446
CORPUS CHRISTY,ALVARO OBREGON,19.36335,-99.24768
AMPLIACION LOS OLIVOS,TLAHUAC,19.30452,-99.05973
INFONAVIT IZTACALCO,IZTACALCO,19.38687,-99.11169
VILLA CENTROAMERICANA,TLAHUAC,19.28089,-99.05297
EX HACIENDA COAPA,TLALPAN,19.29951,-99.12313
MIRADOR II,TLALPAN,19.26801,-99.22322
BARRIO SAN MIGUEL,IZTACALCO,19.39122,-99.11685
SAN JERONIMO LIDICE,LA MAGDALENA CONTRERAS,19.3202,-99.22146
GRANJAS ESMERALDA,IZTAPALAPA,19.35067,-99.11438
INDUSTRIAL,GUSTAVO A. MADERO,19.4683,-99.12374
NAN,LA MAGDALENA CONTRERAS,19.27058,-99.24582
VILLA GUSTAVO A MADERO,GUSTAVO A. MADERO,19.48131,-99.11197
PUEBLO SANTA FE,ALVARO OBREGON,19.38223,-99.23887
REAL DEL MORAL,IZTAPALAPA,19.39083,-99.08061
FUEGO NUEVO,IZTAPALAPA,19.33201,-99.09553
AMPLIACION SAN JUAN DE ARAGON,GUSTAVO A. MADERO,19.47389,-99.10803
ESPERANZA,CUAUHTEMOC,19.42065,-99.12731
POLANCO I SECCION,MIGUEL HIDALGO,19.43811,-99.20972
NUEVA SANTA ANITA,IZTACALCO,19.39928,-99.12436
AMADO NERVO,CUAJIMALPA DE MORELOS,19.36924,-99.29515
LA PASTORA,GUSTAVO A. MADERO,19.52908,-99.14207
PUEBLO SAN SALVADOR CUAUHTENCO,MILPA ALTA,19.19042,-99.09082
COLINAS DEL BOSQUE,TLALPAN,19.27534,-99.15202
SAN JUAN XALPA,IZTAPALAPA,19.3336,-99.07884
SACRAMENTO,ALVARO OBREGON,19.38283,-99.1963
LA CONCHITA,ALVARO OBREGON,19.39067,-99.20689
GABRIEL RAMOS MILLAN,IZTACALCO,19.39243,-99.09959
PUEBLO TETELPAN,ALVARO OBREGON,19.34157,-99.23367
BARRIO LAS CALLES,LA MAGDALENA CONTRERAS,19.30341,-99.23465
TRES ESTRELLAS,GUSTAVO A. MADERO,19.46994,-99.11163
MOLINO DE SANTO DOMINGO,ALVARO OBREGON,19.39546,-99.20844
APATLACO,IZTAPALAPA,19.38078,-99.11576
LOMAS DE SOTELO,MIGUEL HIDALGO,19.45026,-99.21697
ROMERO DE TERREROS,COYOACAN,19.34084,-99.17351
LOS CIPRESES,IZTAPALAPA,19.35625,-99.10829
LOMAS DE REFORMA,MIGUEL HIDALGO,19.40442,-99.23522
CULHUACAN CTM SECCION V,COYOACAN,19.32833,-99.1102
POLANCO IV SECCION,MIGUEL HIDALGO,19.42764,-99.19314
EL CHARCO,TLALPAN,19.23364,-99.19859
GUADALUPE INSURGENTES,GUSTAVO A. MADERO,19.47025,-99.13293
AMPLIACION GABRIEL HERNANDEZ,GUSTAVO A. MADERO,19.50497,-99.095
SAN PEDRO EL CHICO,GUSTAVO A. MADERO,19.47434,-99.09958
VERGEL COAPA,TLALPAN,19.30377,-99.1248
SANTA CECILIA,COYOACAN,19.3039,-99.11427
ATLAMPA,CUAUHTEMOC,19.45901,-99.14955
ARENAL PUERTO AEREO,VENUSTIANO CARRANZA,19.42725,-99.05872
ARGENTINA PONIENTE,MIGUEL HIDALGO,19.46133,-99.21326
MARIANO ESCOBEDO,MIGUEL HIDALGO,19.4453,-99.18277
PUEBLO SAN PEDRO XALPA,AZCAPOTZALCO,19.48328,-99.21127
EL RODEO,IZTACALCO,19.3913,-99.08811
PERIODISTA,MIGUEL HIDALGO,19.44986,-99.21687
NAN,TLALPAN,19.27034,-99.24174
CIUDAD JARDIN,COYOACAN,19.3343,-99.14413
PEDREGAL DE SAN NICOLAS 3A SECCION,TLALPAN,19.28562,-99.23162
BARRIO CANDELARIA TICOMAN,GUSTAVO A. MADERO,19.52213,-99.13634
AQUILES SERDAN,VENUSTIANO CARRANZA,19.4442,-99.09139
BARRIO SAN BARTOLOME,TLAHUAC,19.224,-98.96189
BARRIO LOS REYES,IZTACALCO,19.39804,-99.1177
1RA SECCION CANADA,ALVARO OBREGON,19.38227,-99.2262
CIUDAD UNIVERSITARIA,COYOACAN,19.32264,-99.18005
ANZURES,MIGUEL HIDALGO,19.42624,-99.17631
INDUSTRIAL PUERTO AEREO,VENUSTIANO CARRANZA,19.41933,-99.09486
PUEBLO SAN BARTOLOME XICOMULCO,MILPA ALTA,19.20333,-99.06365
PEDREGAL DE CARRASCO,COYOACAN,19.30402,-99.1726
LOMAS ESTRELLA,IZTAPALAPA,19.31943,-99.09746
TRABAJADORES DE HIERRO,AZCAPOTZALCO,19.47857,-99.14829
BARRIO EL ROSARIO,XOCHIMILCO,19.26455,-99.10493
MOCTEZUMA 1A SECCION,VENUSTIANO CARRANZA,19.42671,-99.10565
LOS PICOS DE IZTACALCO SECCION 2 A,IZTACALCO,19.38728,-99.10643
PUEBLO SAN LUCAS XOCHIMANCA,XOCHIMILCO,19.24039,-99.11474
PORTALES ORIENTE,BENITO JUAREZ,19.36575,-99.13971
A M S A,TLALPAN,19.2838,-99.14053
ALBERT,BENITO JUAREZ,19.37116,-99.13966
15 DE AGOSTO,GUSTAVO A. MADERO,19.48578,-99.10709
GABRIEL RAMOS MILLAN SECC TLACOTAL,IZTACALCO,19.39675,-99.10573
LAS PENAS,IZTAPALAPA,19.33983,-99.04773
BARRIO LA ASUNCION,TLAHUAC,19.27185,-99.00493
LA CONCHITA ZAPOTITLAN,TLAHUAC,19.2858,-99.03139
PUEBLO SAN BARTOLO AMEYALCO,ALVARO OBREGON,19.33032,-99.2769
BELVEDERE AJUSCO,TLALPAN,19.26881,-99.22818
TIERRA UNIDA,LA MAGDALENA CONTRERAS,19.30272,-99.27045
BARRIO SAN JUAN,TLAHUAC,19.27112,-99.0077
BARRIO ZAPOTLA,IZTACALCO,19.39645,-99.1214
BALCONES DE CEHUAYO,ALVARO OBREGON,19.35891,-99.24301
NUEVA TENOCHTITLAN,GUSTAVO A. MADERO,19.45655,-99.10658
BARRIO APATLACO,XOCHIMILCO,19.24737,-99.07405
VILLA DE ARAGON,GUSTAVO A. MADERO,19.46807,-99.06136
BARRIO LA MAGDALENA,TLAHUAC,19.26823,-99.00325
RESIDENCIAL ACUEDUCTO DE GUADALUPE,GUSTAVO A. MADERO,19.52503,-99.15035
PALMITAS,IZTAPALAPA,19.33821,-99.02646
DEL VALLE CENTRO,BENITO JUAREZ,19.38074,-99.16562
NAN,IZTAPALAPA,19.32218,-99.01884
EL ROSARIO,IZTAPALAPA,19.29981,-99.06596
JAMAICA,VENUSTIANO CARRANZA,19.40903,-99.12185
PUEBLO SAN MIGUEL TOPILEJO,TLALPAN,19.20007,-99.14636
SAN CLEMENTE NORTE,ALVARO OBREGON,19.34932,-99.2252
MIGUEL HIDALGO 4A SECCION,TLALPAN,19.27383,-99.20727
HEROES DE CERRO PRIETO,GUSTAVO A. MADERO,19.45146,-99.09741
INSURGENTES SAN BORJA,BENITO JUAREZ,19.38614,-99.1747
CIUDAD DE LOS DEPORTES,BENITO JUAREZ,19.38516,-99.18289
LOMAS DE CHAPULTEPEC IV SECCION,MIGUEL HIDALGO,19.42122,-99.20678
ALGARIN,CUAUHTEMOC,19.4042,-99.1381
RENOVACION,IZTAPALAPA,19.36532,-99.05181
NAN,CUAJIMALPA DE MORELOS,19.33605,-99.30019
REFORMA PENSIL,MIGUEL HIDALGO,19.44692,-99.19333
BARRIO 18,XOCHIMILCO,19.27998,-99.117
FUENTES DE TEPEPAN,TLALPAN,19.26768,-99.14846
LOMAS DE CHAPULTEPEC V SECCION,MIGUEL HIDALGO,19.4268,-99.20723
DEPORTIVO PENSIL,MIGUEL HIDALGO,19.45161,-99.20101
BARRIO SANTA APOLONIA,AZCAPOTZALCO,19.47366,-99.19215
SOLIDARIDAD NACIONAL,GUSTAVO A. MADERO,19.5315,-99.15491
ISIDRO FABELA,TLALPAN,19.30174,-99.16793
UNIDAD MODELO,IZTAPALAPA,19.36192,-99.12244
BARRIO SANTA LUCIA,AZCAPOTZALCO,19.47557,-99.20012
LOMAS DE BEZARES,MIGUEL HIDALGO,19.38647,-99.24715
COMUNEROS DE SANTA URSULA,TLALPAN,19.30097,-99.16247
SAN JUAN DE ARAGON V SECCION,GUSTAVO A. MADERO,19.45629,-99.06145
ZACAHUITZCO,BENITO JUAREZ,19.37375,-99.14083
JANITZIO,VENUSTIANO CARRANZA,19.45002,-99.11608
SAN JERONIMO ACULCO,LA MAGDALENA CONTRERAS,19.32187,-99.22178
AMPLIACION TORRE BLANCA,MIGUEL HIDALGO,19.4544,-99.1971
ARTURO MARTINEZ,ALVARO OBREGON,19.38679,-99.21416
UNIDAD CUITLAHUAC,AZCAPOTZALCO,19.47396,-99.16444
PUEBLO SAN ANDRES TOMATLAN,IZTAPALAPA,19.3277,-99.10333
SANTA INES,AZCAPOTZALCO,19.49226,-99.19099
TEPOPOTLA,ALVARO OBREGON,19.36202,-99.24973
MODELO PENSIL,MIGUEL HIDALGO,19.44272,-99.19169
PEDREGAL DE SAN NICOLAS 1A SECCION,TLALPAN,19.29701,-99.23272
CUEVITAS,ALVARO OBREGON,19.38643,-99.22366
BARRIO SANTIAGO NORTE DEL PUEBLO SANTIAGO ZAPOTITLAN,TLAHUAC,19.30313,-99.03711
VALLE DE SAN LORENZO,IZTAPALAPA,19.2997,-99.07561
NUEVA DIAZ ORDAZ,COYOACAN,19.32581,-99.14761
RINCONADA LAS HADAS,TLALPAN,19.29678,-99.11994
LA JOYA,TLALPAN,19.27935,-99.16907
AVIACION CIVIL,VENUSTIANO CARRANZA,19.41417,-99.07816
PALMAS,ALVARO OBREGON,19.37508,-99.21413
OLIVAR DEL CONDE 2DA SECCION,ALVARO OBREGON,19.37431,-99.21506
COLINAS DEL AJUSCO,TLALPAN,19.28519,-99.21881
BARRIO LA PURISIMA TICOMAN,GUSTAVO A. MADERO,19.51669,-99.14197
JARDINES TECMA,IZTACALCO,19.38858,-99.11773
CUAUTEPEC DE MADERO,GUSTAVO A. MADERO,19.544,-99.13798
SAN ANDRES TETEPILCO,IZTAPALAPA,19.37638,-99.1275
SAN JUAN DE ARAGON,GUSTAVO A. MADERO,19.4612,-99.06232
PUEBLO ACULCO,IZTAPALAPA,19.37331,-99.10476
SANTIAGO ACAHUALTEPEC 2A AMPLIACION,IZTAPALAPA,19.34741,-99.00691
SAN SEBASTIAN,AZCAPOTZALCO,19.48003,-99.17704
LINDAVISTA NORTE,GUSTAVO A. MADERO,19.49278,-99.12089
LA PRECIOSA,AZCAPOTZALCO,19.48714,-99.19371
VALLE GOMEZ,CUAUHTEMOC,19.45856,-99.1244
CUCHILLA DEL MORAL,IZTAPALAPA,19.38435,-99.07157
NOCHE BUENA,BENITO JUAREZ,19.38153,-99.17656
VALLE GOMEZ,VENUSTIANO CARRANZA,19.4558,-99.1215
FORESTAL,GUSTAVO A. MADERO,19.56423,-99.13122
AMPLIACION GRANADA,MIGUEL HIDALGO,19.44266,-99.20289
LINDAVISTA VALLEJO 2A SECCION,GUSTAVO A. MADERO,19.49373,-99.14739
LOMAS DE TARANGO,ALVARO OBREGON,19.36184,-99.21385
PRADO CHURUBUSCO,COYOACAN,19.35341,-99.12571
VIADUCTO PIEDAD,BENITO JUAREZ,19.39917,-99.13699
VISTA ALEGRE,CUAUHTEMOC,19.41021,-99.13289
PRADOS DEL ROSARIO,AZCAPOTZALCO,19.50249,-99.2122
POLVORILLA,IZTAPALAPA,19.31755,-99.04764
REYNOSA TAMAULIPAS,AZCAPOTZALCO,19.4942,-99.18584
GUADALUPE VICTORIA,GUSTAVO A. MADERO,19.47332,-99.14461
NINOS HEROES,BENITO JUAREZ,19.38462,-99.13953
AMPLIACION RICARDO FLORES MAGON,IZTAPALAPA,19.35653,-99.09815
HEROES DE CHURUBUSCO,IZTAPALAPA,19.36123,-99.11647
AMPLIACION LA MEXICANA,ALVARO OBREGON,19.38426,-99.22951
PEDREGAL DE SANTA URSULA,COYOACAN,19.3132,-99.15071
ASTURIAS,CUAUHTEMOC,19.40335,-99.13125
VENUSTIANO CARRANZA,VENUSTIANO CARRANZA,19.43933,-99.11017
CULHUACAN CTM SECCION VI,COYOACAN,19.32051,-99.115
SAN JOSE ACULCO,IZTAPALAPA,19.37711,-99.09867
OLIMPICA,COYOACAN,19.30275,-99.16908
LOMAS DE NUEVO MEXICO,ALVARO OBREGON,19.38247,-99.23476
PARAJE ZACATEPEC,IZTAPALAPA,19.3565,-99.01783
LA ARANA,ALVARO OBREGON,19.36356,-99.24011
VALLEJO PONIENTE,GUSTAVO A. MADERO,19.46849,-99.14307
BARRIO SANTIAGO CENTRO DEL PUEBLO SANTIAGO ZAPOTITLAN,TLAHUAC,19.2971,-99.0363
MIGUEL DE LA MADRID HURTADO,IZTAPALAPA,19.34229,-99.00456
DANIEL GARZA,MIGUEL HIDALGO,19.40523,-99.19995
SANTA ISABEL TOLA,GUSTAVO A. MADERO,19.4955,-99.1187
PUEBLO AXOTLA,ALVARO OBREGON,19.35834,-99.17234
MONTEVIDEO,GUSTAVO A. MADERO,19.48997,-99.13662
AMPLIACION GABRIEL RAMOS MILLAN,IZTACALCO,19.38535,-99.09881
ARTES GRAFICAS,VENUSTIANO CARRANZA,19.41097,-99.12555
BARRIO SANTIAGO NORTE,IZTACALCO,19.39344,-99.12477
LOMA HERMOSA,MIGUEL HIDALGO,19.44464,-99.21403
EJIDO SAN MATEO,ALVARO OBREGON,19.34664,-99.25591
1O DE MAYO,VENUSTIANO CARRANZA,19.44455,-99.1003
ARPTO INT DE LA CD DE MEX-EQUIPAMIENTO,VENUSTIANO CARRANZA,19.43675,-99.0811
VISTA HERMOSA,GUSTAVO A. MADERO,19.54806,-99.12194
BARRIO SANTIAGO,TLAHUAC,19.31261,-98.96369
RESIDENCIAL VILLA COAPA,TLALPAN,19.2882,-99.11917
OLIVAR DEL CONDE 1RA SECCION,ALVARO OBREGON,19.37483,-99.20965
ESTADO DE HIDALGO,ALVARO OBREGON,19.36579,-99.24281
SAN GABRIEL,ALVARO OBREGON,19.38557,-99.24408
BARRIO SAN MATEO,TLAHUAC,19.27527,-99.00205
RESIDENCIAL ZACATENCO,GUSTAVO A. MADERO,19.49265,-99.1204
PALMAS AXOTITLA,ALVARO OBREGON,19.35324,-99.23677
AMPLIACION SANTA CATARINA,TLAHUAC,19.31888,-98.96197
TORRES DE POTRERO,ALVARO OBREGON,19.3309,-99.24968
JALALPA TEPITO,ALVARO OBREGON,19.37979,-99.22716
REFORMA IZTACCIHUATL SUR,IZTACALCO,19.37673,-99.12682
OBSERVATORIO,MIGUEL HIDALGO,19.40541,-99.19489
12 DE DICIEMBRE,IZTAPALAPA,19.33012,-99.09748
ARENAL 3A. SECCION,VENUSTIANO CARRANZA,19.42917,-99.05642
AMPLIACION SINATEL,IZTAPALAPA,19.36406,-99.13012
PILOTO ADOLFO LOPEZ MATEOS,ALVARO OBREGON,19.37265,-99.23205
BARRIO SANTA BARBARA,IZTAPALAPA,19.36352,-99.10207
SANTIAGO ACAHUALTEPEC 1A AMPLIACIEN,IZTAPALAPA,19.35402,-99.01092
LA CANADA,XOCHIMILCO,19.24162,-99.11717
EX-HACIENDA EL ROSARIO,AZCAPOTZALCO,19.49474,-99.20283
EL EDEN,IZTAPALAPA,19.36516,-99.01494
PUEBLO DE LA MAGDALENA MIXIUHCA,VENUSTIANO CARRANZA,19.41169,-99.11903
LA CASILDA,GUSTAVO A. MADERO,19.55605,-99.12548
SANTA MARTHA ACATITLA SUR,IZTAPALAPA,19.36485,-99.02331
AMPLIACION DANIEL GARZA,MIGUEL HIDALGO,19.41066,-99.19151
BARRIO SANTA MARIA NONOALCO,ALVARO OBREGON,19.38165,-99.19289
LA JOYA,ALVARO OBREGON,19.38459,-99.21343
SANTA MARIA INSURGENTES,CUAUHTEMOC,19.46428,-99.14482
PENSIL NORTE,MIGUEL HIDALGO,19.4476,-99.1953
SALVADOR DIAZ MIRON,GUSTAVO A. MADERO,19.48804,-99.09426
LA PALMA,TLALPAN,19.25092,-99.15626
ARENAL TEPEPAN,TLALPAN,19.28146,-99.14169
SAN JOSE INSURGENTES,BENITO JUAREZ,19.36257,-99.18282
NAN,GUSTAVO A. MADERO,19.5313,-99.17344
LOMAS DE CHAPULTEPEC III SECCION,MIGUEL HIDALGO,19.42728,-99.22175
REVOLUCION,VENUSTIANO CARRANZA,19.43844,-99.10385
PEDREGAL DE SAN NICOLAS 2A SECCION,TLALPAN,19.28715,-99.2302
PUEBLO LOS REYES CULHUACAN,IZTAPALAPA,19.34827,-99.11107
EL ROSAL,LA MAGDALENA CONTRERAS,19.31124,-99.25031
PRADOS DE COYOACAN,COYOACAN,19.31821,-99.13052
LOMAS QUEBRADAS,LA MAGDALENA CONTRERAS,19.31482,-99.24125
5 DE MAYO,MIGUEL HIDALGO,19.44786,-99.19993
EL MIRADOR,COYOACAN,19.30118,-99.10836
NUEVA VALLEJO,GUSTAVO A. MADERO,19.48424,-99.14704
LOMAS DE LA ERA,ALVARO OBREGON,19.31872,-99.26382
CERRILLOS PRIMERA SECCION,XOCHIMILCO,19.24705,-99.01884
POLVORA,ALVARO OBREGON,19.39164,-99.20475
PUEBLO JARDINES DE SAN JUAN,TLALPAN,19.2142,-99.17861
PURISIMA ATLAZOLPA,IZTAPALAPA,19.38113,-99.11048
SANTA TERESA,LA MAGDALENA CONTRERAS,19.31205,-99.2261
JALALPA EL GRANDE,ALVARO OBREGON,19.37016,-99.24067
EX-HACIENDA DE GUADALUPE CHIMALISTAC,ALVARO OBREGON,19.34719,-99.18108
PERALITOS,MIGUEL HIDALGO,19.44917,-99.18558
ATLAMAYA,ALVARO OBREGON,19.34973,-99.2013
8 DE AGOSTO,MIGUEL HIDALGO,19.39594,-99.18533
XALPA,IZTAPALAPA,19.33577,-99.01522
JALALPA TEPITO 2DA AMPLIACION,ALVARO OBREGON,19.37628,-99.23264
JARDINES DE COYOACAN,COYOACAN,19.31618,-99.12582
GRANJAS DE SAN ANTONIO,IZTAPALAPA,19.35795,-99.11096
SAN MIGUEL TEOTONGO (SECC LA CRUZ),IZTAPALAPA,19.34224,-98.99045
MANUEL AVILA CAMACHO,MIGUEL HIDALGO,19.43966,-99.22435
SAN ANGEL INN,ALVARO OBREGON,19.35162,-99.19932
VALLE DEL TEPEYAC,GUSTAVO A. MADERO,19.48907,-99.14091
PETROLERA TAXQUENA,COYOACAN,19.33969,-99.13089
PENSIL SUR,MIGUEL HIDALGO,19.44592,-99.19831
BARRIO LA ASUNCION,IZTACALCO,19.39042,-99.1219
JAIME TORRES BODET,TLAHUAC,19.23179,-98.99759
JESUS DEL MONTE,CUAJIMALPA DE MORELOS,19.36379,-99.28806
PROGRESO DEL SUR,IZTAPALAPA,19.35654,-99.1115
BARRIO OXTOPULCO UNIVERSIDAD,COYOACAN,19.34033,-99.18264
LA MALINCHE,LA MAGDALENA CONTRERAS,19.32237,-99.24117
FELIPE PESCADOR,CUAUHTEMOC,19.45408,-99.12521
EL PIRU 2DA AMPLIACION,ALVARO OBREGON,19.3804,-99.24296
EL RINCON,ALVARO OBREGON,19.35307,-99.24552
DEL PARQUE,VENUSTIANO CARRANZA,19.42466,-99.11584
GENERAL PEDRO MA ANAYA,BENITO JUAREZ,19.35996,-99.15921
SAN JUAN TEPEPAN,XOCHIMILCO,19.26884,-99.12781
ACUEDUCTO DE GUADALUPE,GUSTAVO A. MADERO,19.52649,-99.15232
MIRADOR DEL VALLE,TLALPAN,19.25451,-99.1832
JOSEFA ORTIZ DE DOMINGUEZ,BENITO JUAREZ,19.38814,-99.13926
VILLA COAPA,TLALPAN,19.29659,-99.12536
AMPLIACION PETROLERA,AZCAPOTZALCO,19.48251,-99.19516
PUEBLO SAN LORENZO ATEMOAYA,XOCHIMILCO,19.2369,-99.10291
AMPLIACION SAN MARCOS NORTE,XOCHIMILCO,19.26606,-99.11504
BARRIO SAN LUCAS,COYOACAN,19.34873,-99.15246
PRECONCRETO,ALVARO OBREGON,19.37211,-99.21198
PUEBLO MEXICALTZINGO,IZTAPALAPA,19.3574,-99.12119
BARRIO LA PLANTA,XOCHIMILCO,19.24638,-99.07917
SELENE,TLAHUAC,19.28601,-99.00052
DOS RIOS DEL PUEBLO DE SANTA LUCIA,ALVARO OBREGON,19.35577,-99.24585
DEGOLLADO,IZTAPALAPA,19.31874,-99.04182
BARRIO SAN SIMON CULHUACAN,IZTAPALAPA,19.33376,-99.10262
RESIDENCIAL EMPERADORES,BENITO JUAREZ,19.36968,-99.15668
PUEBLO SAN LUIS TLAXIALTEMALCO,XOCHIMILCO,19.25829,-99.03785
SANTA ISABEL INDUSTRIAL,IZTAPALAPA,19.35526,-99.106
PUEBLO SAN LORENZO HUIPULCO,TLALPAN,19.29391,-99.14935
PASEOS DE TAXQUENA,COYOACAN,19.33909,-99.12817
PUEBLA,VENUSTIANO CARRANZA,19.40955,-99.07922
SAN MIGUEL TEOTONGO SECC GUADALUPE,IZTAPALAPA,19.34437,-98.98275
AMPLIACION CARACOL,VENUSTIANO CARRANZA,19.42901,-99.06699
EL CUERNITO,ALVARO OBREGON,19.38696,-99.2195
COSMOPOLITA,AZCAPOTZALCO,19.47256,-99.1634
PARAJE 38,TLALPAN,19.26762,-99.21124
DEL CARMEN,XOCHIMILCO,19.25188,-99.02382
HEROES DE PADIERNA,TLALPAN,19.28465,-99.22566
2DA SECCION CANADA,ALVARO OBREGON,19.38299,-99.22551
ANGEL ZIMBRON,AZCAPOTZALCO,19.46966,-99.19015
MIGUEL HIDALGO,TLALPAN,19.2846,-99.18676
SAN JOSE TICOMAN,GUSTAVO A. MADERO,19.50348,-99.13294
NEXTITLA,MIGUEL HIDALGO,19.45498,-99.17171
LIBERACION,AZCAPOTZALCO,19.47109,-99.15127
AZTECA,VENUSTIANO CARRANZA,19.43876,-99.10879
PLUTARCO ELIAS CALLES,MIGUEL HIDALGO,19.45312,-99.17276
PUEBLO SAN FRANCISCO XOCOTITLA,AZCAPOTZALCO,19.46774,-99.14686
SEVILLA,VENUSTIANO CARRANZA,19.41185,-99.12199
SAN ALVARO,AZCAPOTZALCO,19.46229,-99.18815
PUEBLO SANTA CRUZ ACALPIXCA,XOCHIMILCO,19.24413,-99.07376
BARRIO LORETO,ALVARO OBREGON,19.34174,-99.19194
REAL DEL MONTE,ALVARO OBREGON,19.39504,-99.19928
GRANJAS ESTRELLA,IZTAPALAPA,19.32081,-99.08734
SAN MIGUEL TEOTONGO SECC MERCEDES,IZTAPALAPA,19.34796,-98.99534
LOS ENCINOS,TLALPAN,19.27766,-99.22799
EMILIANO ZAPATA,COYOACAN,19.32392,-99.13795
EL TRIANGULO DEL PBLO. DE SN. FCO. TLALTENCO,TLAHUAC,19.28233,-99.01137
LA NOPALERA,TLAHUAC,19.29875,-99.05214
LOMAS DE STA CRUZ,IZTAPALAPA,19.33339,-99.03691
ATACAXCO,LA MAGDALENA CONTRERAS,19.31562,-99.24941
OJO DE AGUA,TLAHUAC,19.29056,-99.01069
ESTRELLA DEL SUR,IZTAPALAPA,19.352,-99.10002
QUIRINO MENDOZA,XOCHIMILCO,19.25783,-99.02162
VILLA TLALPAN,TLALPAN,19.27792,-99.16123
BARRIO SAN FRANCISCO,LA MAGDALENA CONTRERAS,19.31519,-99.2315
TORRES LINDAVISTA,GUSTAVO A. MADERO,19.50898,-99.1416
BARRIO SAN LORENZO,IZTAPALAPA,19.30844,-99.06874
GUADALUPE,TLALPAN,19.28681,-99.14592
MEXICO NUEVO,MIGUEL HIDALGO,19.45263,-99.20004
GABRIEL HERNANDEZ,GUSTAVO A. MADERO,19.49902,-99.09943
PUEBLO SANTA MARIA NATIVITAS,XOCHIMILCO,19.24303,-99.09352
BARRIO SAN PEDRO,IZTAPALAPA,19.36032,-99.08465
MAGISTERIAL COAPA,TLALPAN,19.29013,-99.1142
SAN JOAQUIN,MIGUEL HIDALGO,19.45395,-99.20828
EL MOLINO,IZTAPALAPA,19.35646,-99.08986
EL CARACOL,COYOACAN,19.30395,-99.16003
EL RODEO,IZTAPALAPA,19.33397,-99.07163
AMPLIACION LOS REYES,IZTAPALAPA,19.34377,-99.10307
AMPLIACION SELENE,TLAHUAC,19.28655,-98.99801
4 ARBOLES,VENUSTIANO CARRANZA,19.41639,-99.08493
GRANJAS MODERNAS,GUSTAVO A. MADERO,19.4761,-99.09935
REFORMA IZTACCIHUATL NORTE,IZTACALCO,19.38355,-99.1282
SAN ISIDRO,XOCHIMILCO,19.25527,-99.01142
EX ESCUELA DE TIRO,GUSTAVO A. MADERO,19.45481,-99.09862
JARDINES DE SAN LORENZO TEZONCO,IZTAPALAPA,19.29915,-99.07189
HEROES DE CHAPULTEPEC,GUSTAVO A. MADERO,19.47648,-99.09161
LEGARIA,MIGUEL HIDALGO,19.45742,-99.19239
SAN JOSE DEL OLIVAR,ALVARO OBREGON,19.33719,-99.22553
BARRIO SANTIAGO SUR,IZTACALCO,19.38607,-99.12782
EMILIANO ZAPATA FRACCIONAMIENTO POPULAR,COYOACAN,19.31749,-99.11002
LA ESTACION,TLAHUAC,19.30672,-99.04139
PENA POBRE,TLALPAN,19.29562,-99.1839
HERON PROAL,ALVARO OBREGON,19.35918,-99.23172
SAN LORENZO TLATENANGO,MIGUEL HIDALGO,19.46463,-99.19682
PUEBLO TLACOPAC,ALVARO OBREGON,19.35484,-99.19354
EDUCACION,COYOACAN,19.33535,-99.13142
TEPEYAC INSURGENTES,GUSTAVO A. MADERO,19.48218,-99.12623
ZENTLAPATL,CUAJIMALPA DE MORELOS,19.35673,-99.30553
SAN JUAN JOYA,IZTAPALAPA,19.33532,-99.06449
SAN SEBASTIAN DEL PUEBLO SAN PEDRO TLAHUAC,TLAHUAC,19.25881,-99.00852
MIXCOATL,IZTAPALAPA,19.32586,-99.05016
BARRIO LOS REYES,AZCAPOTZALCO,19.48683,-99.18424
EX EJIDO SAN JUAN DE ARAGON SECTOR 32,GUSTAVO A. MADERO,19.46553,-99.08043
LINDAVISTA VALLEJO 3A SECCION,GUSTAVO A. MADERO,19.49241,-99.14633
AMERICA,MIGUEL HIDALGO,19.4043,-99.20541
CREDITO CONSTRUCTOR,BENITO JUAREZ,19.36665,-99.18115
TLALMILLE,TLALPAN,19.25981,-99.18728
BARRIO LA ASUNCION,XOCHIMILCO,19.2704,-99.10291
SAN RAFAEL,AZCAPOTZALCO,19.48588,-99.18765
VALLE DE MADERO,GUSTAVO A. MADERO,19.54735,-99.13766
TABLAS DE SAN AGUSTIN,GUSTAVO A. MADERO,19.46413,-99.11301
LA ESMERALDA,GUSTAVO A. MADERO,19.48884,-99.08494
JARDINES EN LA MONTANA,TLALPAN,19.29937,-99.20317
BARRIO LA CONCEPCION,COYOACAN,19.34617,-99.15885
CULHUACAN CTM SECCION VII,COYOACAN,19.32556,-99.10709
DEFENSORES DE LA REPUBLICA,GUSTAVO A. MADERO,19.47335,-99.14053
PUEBLO SAN FRANCISCO TETECALA,AZCAPOTZALCO,19.47927,-99.18956
TABLAS DE SAN LORENZO,XOCHIMILCO,19.24523,-99.10402
VALLE ESCONDIDO,TLALPAN,19.28145,-99.14234
BARRIO GUADALUPE TICOMAN,GUSTAVO A. MADERO,19.51984,-99.12715
FRANCISCO VILLA,ALVARO OBREGON,19.38244,-99.2
LOS ANGELES APANOAYA,IZTAPALAPA,19.34098,-99.06221
DOLORES TLALI,TLALPAN,19.24208,-99.14802
SAN JOSE DE LA ESCALERA,GUSTAVO A. MADERO,19.52746,-99.16204
HOGAR Y REDENCION,ALVARO OBREGON,19.3705,-99.2159
HACIENDA SAN JUAN,TLALPAN,19.29187,-99.14456
HUICHAPAN,XOCHIMILCO,19.26442,-99.11881
VILLA MILPA ALTA CENTRO,MILPA ALTA,19.19199,-99.02376
ZONA FEDERAL,ALVARO OBREGON,19.36311,-99.23187
BARRIO PANCHIMALCO,MILPA ALTA,19.1967,-99.04874
LA JOYITA,GUSTAVO A. MADERO,19.46418,-99.11787
PUEBLO SAN LORENZO TLACOYUCAN,MILPA ALTA,19.18139,-99.03267
ZONA ESCOLAR ORIENTE,GUSTAVO A. MADERO,19.537,-99.14413
TLAZINTLA,IZTACALCO,19.39811,-99.11331
EL MIRADOR,IZTAPALAPA,19.33422,-99.09721
BARROS SIERRA,LA MAGDALENA CONTRERAS,19.31593,-99.24865
PEDREGAL DE SAN NICOLAS 4A SECCION,TLALPAN,19.2801,-99.2383
CULHUACAN C.T.M. SECCIEN X,COYOACAN,19.31082,-99.11095
LOMA LA PALMA,GUSTAVO A. MADERO,19.5588,-99.13806
CARMEN SERDAN,COYOACAN,19.31818,-99.10633
HEROE DE NACOZARI,GUSTAVO A. MADERO,19.47038,-99.14268
EL RELOJ,COYOACAN,19.31671,-99.14065
JOSE MARIA PINO SUAREZ,ALVARO OBREGON,19.39873,-99.19768
MILITAR MARTE,IZTACALCO,19.3841,-99.13164
LA ANGOSTURA,ALVARO OBREGON,19.33406,-99.23568
LOMAS DE CAPULA,ALVARO OBREGON,19.38015,-99.21416
ESPARTACO,COYOACAN,19.32049,-99.13552
ARENAL 1A. SECCION,VENUSTIANO CARRANZA,19.42381,-99.06546
REFORMA SOCIAL,MIGUEL HIDALGO,19.43126,-99.21778
RINCONADA COAPA 1A SECCION,TLALPAN,19.29373,-99.10755
PUEBLO CHIMALCOYOTL,TLALPAN,19.27444,-99.16332
COCOYOTES,GUSTAVO A. MADERO,19.54833,-99.1315
BARRIO CENTRO,MILPA ALTA,19.1871,-99.0709
FERRERIA,AZCAPOTZALCO,19.50594,-99.17564
EL MIRADOR 1A SECCION,TLALPAN,19.26904,-99.17826
TRIUNFO DE LA REPUBLICA,GUSTAVO A. MADERO,19.49164,-99.10984
BARRIO LA SOLEDAD DEL PUEBLO  SAN JUAN IXTAYOPAN,TLAHUAC,19.23638,-98.99527
CULHUACAN CTM SECCION IX-B,COYOACAN,19.31529,-99.1021
SAN NICOLAS TOLENTINO,IZTAPALAPA,19.32816,-99.0845
LIBERTAD,AZCAPOTZALCO,19.47741,-99.1762
SELENE DEL PUEBLO SAN FRANCISCO TLALTENCO,TLAHUAC,19.28776,-98.99986
CANTIL DEL PEDREGAL,COYOACAN,19.30123,-99.16128
AMPLIACION SANTA MARIA AZTAHUACAN,IZTAPALAPA,19.34791,-99.03105
BARRIO LA LUZ,MILPA ALTA,19.1874,-99.02667
LAS TINAJAS,CUAJIMALPA DE MORELOS,19.35283,-99.28504
ALVARO OBREGON,IZTAPALAPA,19.37197,-99.0363
BARRIO SAN PEDRO,IZTACALCO,19.39127,-99.12844
MIGUEL HIDALGO,TLAHUAC,19.29476,-99.04795
SANTIAGUITO,XOCHIMILCO,19.25542,-99.02286
SAN MIGUEL TEOTONGO SECC PUENTE,IZTAPALAPA,19.35274,-98.9915
BARRIO SAN LUCAS,IZTAPALAPA,19.35701,-99.09621
TLACAMACA,GUSTAVO A. MADERO,19.47362,-99.13793
LA MEXICANA 2DA AMPLIACION,ALVARO OBREGON,19.37944,-99.23299
FLOR DE MARIA,ALVARO OBREGON,19.35336,-99.2159
NUEVA ROSITA,IZTAPALAPA,19.37856,-99.10553
BARRIO SAN CRISTOBAL,XOCHIMILCO,19.25916,-99.09789
FRACCIONAMIENTO COYUYA,IZTACALCO,19.39865,-99.11363
PANAMERICANA,GUSTAVO A. MADERO,19.47901,-99.14305
PUEBLO MAGDALENA ATLAZOLPA,IZTAPALAPA,19.37681,-99.11082
EX EJIDO DE  SANTA URSULA COAPA,COYOACAN,19.30536,-99.12782
EMILIO CARRANZA,VENUSTIANO CARRANZA,19.44954,-99.11936
PUEBLO SANTA ROSA XOCHIAC,ALVARO OBREGON,19.33052,-99.28952
SAN ISIDRO,TLAHUAC,19.25864,-99.01395
PRESIDENTES EJIDALES 1A SECCION,COYOACAN,19.32204,-99.12514
ARBOLEDAS  DEL SUR,TLALPAN,19.29457,-99.14014
BARRIO NEXTENGO,AZCAPOTZALCO,19.47263,-99.18867
CELOALLIOTLI,IZTAPALAPA,19.28936,-99.07433
LOMAS DE LOS ANGELES PUEBLO TETELPAN,ALVARO OBREGON,19.34313,-99.21316
BARRIO SANTA MARTHA,MILPA ALTA,19.19888,-99.02757
PUEBLO CULHUACAN,IZTAPALAPA,19.33794,-99.10467
LA MANZANITA,CUAJIMALPA DE MORELOS,19.36081,-99.29355
FELIPE ANGELES,VENUSTIANO CARRANZA,19.45352,-99.11141
CAMPESTRE,ALVARO OBREGON,19.35832,-99.18978
HUAYAMILPAS,COYOACAN,19.32712,-99.14878
PALMAS,LA MAGDALENA CONTRERAS,19.31139,-99.25376
TIZAMPAMPANO DEL PUEBLO TETELPAN,ALVARO OBREGON,19.34225,-99.21919
AGRICULTURA,MIGUEL HIDALGO,19.44973,-99.16451
LAGO NORTE,MIGUEL HIDALGO,19.44616,-99.1877
BARRIO LA GUADALUPITA,XOCHIMILCO,19.26518,-99.10228
CLUB DE GOLF MEXICO,TLALPAN,19.28601,-99.15652
CUAUHTEMOC PENSIL,MIGUEL HIDALGO,19.4463,-99.19349
POTRERO SAN BERNARDINO,XOCHIMILCO,19.26874,-99.12709
CARLOS ZAPATA VELA,IZTACALCO,19.38558,-99.10033
SANTA CRUZ AVIACION,VENUSTIANO CARRANZA,19.42042,-99.09621
SANTA FE LA LOMA,ALVARO OBREGON,19.36978,-99.25434
LA TURBA,TLAHUAC,19.29634,-99.05739
LAGO SUR,MIGUEL HIDALGO,19.4446,-99.18735
QUIAHUATLA,TLAHUAC,19.2595,-99.00727
BARRIO CALYEQUITA,TLAHUAC,19.25093,-99.00768
CUCHILLA LA JOYA,GUSTAVO A. MADERO,19.45861,-99.11102
MIGUEL HIDALGO 3A SECCION,TLALPAN,19.27629,-99.20843
PEDREGAL DE LAS AGUILAS,TLALPAN,19.27087,-99.17652
AMPLIACION SAN MIGUEL,IZTAPALAPA,19.35252,-99.06636
EL COYOL,GUSTAVO A. MADERO,19.48838,-99.09334
LOMAS DE CHAPULTEPEC VIII SECCION,MIGUEL HIDALGO,19.42604,-99.2243
BARRIO SAN MATEO,MILPA ALTA,19.19153,-99.02795
PETROLERA,AZCAPOTZALCO,19.48298,-99.19961
CENTRO,VENUSTIANO CARRANZA,19.42329,-99.12593
CAMPESTRE POTRERO,IZTAPALAPA,19.32746,-98.97157
GOLONDRINAS,ALVARO OBREGON,19.37817,-99.21253
AMPLIACION SIMON BOLIVAR,VENUSTIANO CARRANZA,19.44851,-99.10049
1RA VICTORIA,ALVARO OBREGON,19.38644,-99.20175
PRESIDENTES DE MEXICO,IZTAPALAPA,19.3328,-99.05835
CRUZ BLANCA,CUAJIMALPA DE MORELOS,19.32162,-99.32535
AMPLIACION PANAMERICANA,GUSTAVO A. MADERO,19.47687,-99.14027
CALZADA JALALPA,ALVARO OBREGON,19.38169,-99.22389
LA PRESA,ALVARO OBREGON,19.38268,-99.21171
AMPLIACION EL TRIUNFO,IZTAPALAPA,19.37721,-99.11554
BARRIO LAS FLORES,XOCHIMILCO,19.24039,-99.07487
LA CONCHITA,MILPA ALTA,19.21009,-98.96892
ALIANZA POPULAR REVOLUCIONARIA,COYOACAN,19.31654,-99.12177
ACTIPAN,BENITO JUAREZ,19.37127,-99.17968
LA CRUZ,LA MAGDALENA CONTRERAS,19.30679,-99.2337
XOTEPINGO,COYOACAN,19.32481,-99.13866
SAN PEDRO ZACATENCO,GUSTAVO A. MADERO,19.50602,-99.12231
AMPLIACION EL CAPULIN,ALVARO OBREGON,19.39726,-99.20877
BARRIO SAN ANDRES,TLAHUAC,19.26224,-99.00063
HEROICO COLEGIO MILITAR,TLALPAN,19.24746,-99.14402
ADOLFO RUIZ CORTINEZ,COYOACAN,19.31935,-99.15079
BARRIO SAN FRANCISCO XICALTONGO,IZTACALCO,19.39493,-99.12326
BOSQUES DE LAS LOMAS,MIGUEL HIDALGO,19.38858,-99.24791
BARRIO SANTA CRUZ,MILPA ALTA,19.19642,-99.01956
RINCON DEL PEDREGAL,TLALPAN,19.31135,-99.2196
SAN DIEGO CHURUBUSCO,COYOACAN,19.35427,-99.14779
NUEVO BARRIO SAN RAFAEL,AZCAPOTZALCO,19.4899,-99.18807
SAN ANTONIO,AZCAPOTZALCO,19.47807,-99.20008
SAN FELIPE,XOCHIMILCO,19.25437,-99.01635
MAXIMINO AVILA CAMACHO,GUSTAVO A. MADERO,19.47917,-99.13643
GENERAL FELIPE BERRIOZABAL,GUSTAVO A. MADERO,19.55464,-99.1287
EX HACIENDA COAPA,COYOACAN,19.31031,-99.14097
INSURGENTES,IZTAPALAPA,19.33108,-99.05441
VALLE DE LUCES,IZTAPALAPA,19.34015,-99.10145
PLANETARIO LINDAVISTA,GUSTAVO A. MADERO,19.49643,-99.14132
PUEBLO SAN BARTOLO CAHUALTONGO,AZCAPOTZALCO,19.48085,-99.19908
ERMITA TIZAPAN,ALVARO OBREGON,19.33763,-99.20458
2 DE OCTUBRE,TLALPAN,19.27175,-99.23021
HUEYTLALE,ALVARO OBREGON,19.36209,-99.22477
ARENAL DE GUADALUPE,TLALPAN,19.28689,-99.14867
PARAJE SAN JUAN CERRO,IZTAPALAPA,19.34733,-99.08435
NUEVA ORIENTAL COAPA,TLALPAN,19.29824,-99.12959
LOMAS DE SAN ANGEL INN,ALVARO OBREGON,19.3416,-99.20588
HIPODROMO CONDESA,CUAUHTEMOC,19.40998,-99.17715
ZAPOTITLA,TLAHUAC,19.30994,-99.03857
PUEBLO SAN PABLO TEPETLAPA,COYOACAN,19.32386,-99.14229
BARRIO SAN ANDRES,AZCAPOTZALCO,19.48954,-99.18131
AMPLIACION PROVIDENCIA,GUSTAVO A. MADERO,19.4781,-99.06932
BARRIO LA OTRA BANDA,ALVARO OBREGON,19.33686,-99.19257
BARRIO SANTA CRUCITA,XOCHIMILCO,19.26196,-99.10114
SAN JUAN DE ARAGON II SECCION,VENUSTIANO CARRANZA,19.44578,-99.08713
PUERTA GRANDE,ALVARO OBREGON,19.35585,-99.23249
IZTACCIHUATL,BENITO JUAREZ,19.38894,-99.13689
SINATEL,IZTAPALAPA,19.36274,-99.1308
RINCONADA LAS CUEVITAS,ALVARO OBREGON,19.35731,-99.23809
JUVENTUD UNIDA,TLALPAN,19.26918,-99.1541
COOP ALLAPETLALLI,IZTAPALAPA,19.28878,-99.06753
PLENITUD,AZCAPOTZALCO,19.473,-99.19916
LOMAS DE SN PEDRO,CUAJIMALPA DE MORELOS,19.3539,-99.28801
CANUTILLO,ALVARO OBREGON,19.36011,-99.23015
LINDAVISTA VALLEJO 1A SECCION,GUSTAVO A. MADERO,19.50158,-99.15636
BARRIO SAN MIGUEL PUEBLO SAN PEDRO TLAHUAC,TLAHUAC,19.26696,-99.00111
FUENTES BROTANTES,TLALPAN,19.28481,-99.18125
TEPETATES,GUSTAVO A. MADERO,19.49348,-99.11334
BARRIO DE CARAMAGUEY,TLALPAN,19.29368,-99.18298
BARRIO SAN ANTONIO,XOCHIMILCO,19.26145,-99.10852
SAN JOSE TLAHUAC DEL PUEBLO SAN PEDRO TLAHUAC,TLAHUAC,19.28072,-99.00112
LOMAS DE LOS CEDROS,ALVARO OBREGON,19.32497,-99.2575
JOYAS DEL PEDREGAL,COYOACAN,19.30603,-99.15954
AMPLIACION POPO,MIGUEL HIDALGO,19.44526,-99.19666
ACUEDUCTO,ALVARO OBREGON,19.39902,-99.20435
SANTA MARIA DEL MONTE,IZTAPALAPA,19.35356,-99.08889
SANTA CRUZ CHAVARRIETA,XOCHIMILCO,19.2292,-99.12021
BARRIO LA LONJA,TLALPAN,19.293,-99.1788
COLINA DEL SUR,ALVARO OBREGON,19.36603,-99.23153
SANTA CRUZ DE LAS SALINAS,AZCAPOTZALCO,19.48738,-99.15257
LA CONCEPCION,LA MAGDALENA CONTRERAS,19.30196,-99.23498
BARRIO LA FAMA,TLALPAN,19.28942,-99.17772
BARRANCA SECA,LA MAGDALENA CONTRERAS,19.30558,-99.23848
LA MALINCHE,GUSTAVO A. MADERO,19.45196,-99.10378
DEL CARMEN,BENITO JUAREZ,19.37608,-99.13937
ERMITA,BENITO JUAREZ,19.35985,-99.14315
BARRIO SAN ESTEBAN,XOCHIMILCO,19.26413,-99.0983
POPO,MIGUEL HIDALGO,19.44484,-99.19763
PUEBLO DE SANTA URSULA COAPA,COYOACAN,19.30791,-99.14446
EL OCOTAL,LA MAGDALENA CONTRERAS,19.29965,-99.26077
PUEBLO SAN NICOLAS TETELCO,TLAHUAC,19.21785,-98.97417
TIERRA NUEVA,XOCHIMILCO,19.26625,-99.11999
PUENTE COLORADO,ALVARO OBREGON,19.34852,-99.22977
EL TORO,LA MAGDALENA CONTRERAS,19.31322,-99.24633
SAN FRANCISCO CULHUACAN BARRIO DE LA MAGDALENA,COYOACAN,19.34461,-99.11878
LA MARTINICA,ALVARO OBREGON,19.35869,-99.22409
AMPLIACION POTRERILLO,LA MAGDALENA CONTRERAS,19.3072,-99.2569
TEMPILULI,TLAHUAC,19.27989,-99.0282
PALMATITLA,GUSTAVO A. MADERO,19.55218,-99.12889
REACOMODO EL CUERNITO,ALVARO OBREGON,19.38183,-99.20758
LOMAS DE CHAPULTEPEC II SECCION,MIGUEL HIDALGO,19.41662,-99.22578
BARRIO SAN MARCOS,MILPA ALTA,19.17331,-98.99829
PRADERA 2A SECCION,GUSTAVO A. MADERO,19.47135,-99.06542
DEL BOSQUE,GUSTAVO A. MADERO,19.5455,-99.14503
BARRIO SAN AGUSTIN PUEBLO SAN JUAN IXTAYOPAN,TLAHUAC,19.2459,-99.00097
MARIA G DE GARCIA RUIZ,ALVARO OBREGON,19.38913,-99.21069
EUZKADI,AZCAPOTZALCO,19.47726,-99.15884
VILLA OLIMPICA,TLALPAN,19.29785,-99.18586
ALVARO OBREGON,VENUSTIANO CARRANZA,19.41194,-99.11858
GRANJAS NAVIDAD,CUAJIMALPA DE MORELOS,19.37141,-99.2854
2DA DEL MORAL DEL PUEBLO TETELPAN,ALVARO OBREGON,19.3426,-99.22469
SANTO TOMAS,MIGUEL HIDALGO,19.45089,-99.1696
BARRIO GUADALUPE STA CATARINA YEC,TLAHUAC,19.30912,-98.9699
GERTRUDIS SANCHEZ 1A SECCION,GUSTAVO A. MADERO,19.47088,-99.1036
CHURUBUSCO TEPEYAC,GUSTAVO A. MADERO,19.48696,-99.13801
MINERVA,IZTAPALAPA,19.35654,-99.11117
BARRIO SANTA ANA NORTE,TLAHUAC,19.30338,-99.04046
SAN MATEO,COYOACAN,19.34913,-99.14557
MALACATES,GUSTAVO A. MADERO,19.57136,-99.13165
8 DE AGOSTO,BENITO JUAREZ,19.39363,-99.18614
AMPLIACION TEPEACA,ALVARO OBREGON,19.35995,-99.23576
BARRIO EL CAPULIN,TLALPAN,19.28184,-99.19055
EL YAQUI,CUAJIMALPA DE MORELOS,19.36294,-99.2741
LAS ANIMAS,XOCHIMILCO,19.26077,-99.01893
SAN PEDRO APOSTOL,TLALPAN,19.2945,-99.17363
PUEBLO SAN FRANCISCO TECOXPA,MILPA ALTA,19.20315,-99.00464
DINAMITA,GUSTAVO A. MADERO,19.49244,-99.10491
LIBERALES DE 1857,ALVARO OBREGON,19.39328,-99.21261
LA HERRADURA DEL PUEBLO TETELPAN,ALVARO OBREGON,19.34603,-99.21085
PRADO COAPA 2A SECCION,TLALPAN,19.30214,-99.13259
FAJA DE ORO,GUSTAVO A. MADERO,19.46638,-99.10436
LOS PADRES,LA MAGDALENA CONTRERAS,19.31772,-99.24842
AGUILERA,AZCAPOTZALCO,19.47296,-99.157
LEYES DE REFORMA 2A SECCION,IZTAPALAPA,19.36447,-99.06772
LA MEXICANA,ALVARO OBREGON,19.38288,-99.23149
DEL OBRERO,GUSTAVO A. MADERO,19.4978,-99.09029
PUEBLO SAN MIGUEL AJUSCO,TLALPAN,19.22697,-99.19918
EX HACIENDA SAN JUAN DE DIOS,TLALPAN,19.29028,-99.13123
GARCIMARRERO,ALVARO OBREGON,19.36588,-99.24226
EL OLIVO,GUSTAVO A. MADERO,19.47363,-99.08714
LA LUPITA,TLAHUAC,19.24959,-98.99606
MAGISTERIAL,TLALPAN,19.29434,-99.11069
TLACUITLAPA,ALVARO OBREGON,19.35502,-99.24114
LA JOYA,GUSTAVO A. MADERO,19.45604,-99.10821
BARRIO SANTA ANA SUR,TLAHUAC,19.2951,-99.03976
JARDINES DE CHURUBUSCO,IZTAPALAPA,19.37464,-99.10777
VERGEL DE COYOACAN,TLALPAN,19.30288,-99.13662
ZENON DELGADO,ALVARO OBREGON,19.38927,-99.21466
LA OTRA BANDA,COYOACAN,19.33499,-99.19842
LOMAS DE PUERTA GRANDE,ALVARO OBREGON,19.35822,-99.2336
CERRILLOS TERCERA SECCION,XOCHIMILCO,19.24829,-99.02506
BARRIO LA GUADALUPE PUEBLO SAN PEDRO TLAHUAC,TLAHUAC,19.2675,-99.00594
REACOMODO VALENTIN GOMEZ FARIAS,ALVARO OBREGON,19.36018,-99.23107
SAN BARTOLO AMEYALCO,LA MAGDALENA CONTRERAS,19.32654,-99.24759
BARRIO SAN JUAN,XOCHIMILCO,19.26497,-99.10737
LOS PICOS DE IZTACALCO SECCION 1 B,IZTACALCO,19.38934,-99.11184
LOS CEDROS,ALVARO OBREGON,19.36435,-99.23884
USCOVI,IZTAPALAPA,19.29316,-99.0692
NARCISO BASSOLS,GUSTAVO A. MADERO,19.45626,-99.05457
BOSQUE DE CHAPULTEPEC III SECCION,MIGUEL HIDALGO,19.39687,-99.22142
ARBOLEDAS,GUSTAVO A. MADERO,19.5607,-99.12331
LA PILA,CUAJIMALPA DE MORELOS,19.30942,-99.33398
TLALPUENTE,TLALPAN,19.24651,-99.18529
LUIS DONALDO COLOSIO,GUSTAVO A. MADERO,19.56007,-99.14593
AMPLIACION JOSE LOPEZ PORTILLO,TLAHUAC,19.30363,-99.02166
BARRIO SAN AGUSTIN,MILPA ALTA,19.18866,-99.0174
PUEBLO SAN PABLO CHIMALPA,CUAJIMALPA DE MORELOS,19.35397,-99.31735
BONANZA,ALVARO OBREGON,19.38689,-99.21385
ATENOR SALAS,BENITO JUAREZ,19.40331,-99.14785
ESPERANZA,VENUSTIANO CARRANZA,19.41902,-99.12734
SAN FRANCISCO CULHUACAN BARRIO DE SAN FRANCISCO,COYOACAN,19.33682,-99.11618
ZACATENCO,TLAHUAC,19.2981,-99.02436
PLAN DE AYALA,TLALPAN,19.23982,-99.14815
AMPLIACION COCOYOTES,GUSTAVO A. MADERO,19.54973,-99.12811
PASEO DE LAS LOMAS,ALVARO OBREGON,19.372,-99.26617
PRADO COAPA 3A SECCION,TLALPAN,19.29283,-99.13204
MONTE ALBAN,IZTAPALAPA,19.3525,-99.01932
7 DE NOVIEMBRE,GUSTAVO A. MADERO,19.45659,-99.1149
BARRIO SANTA ANA CENTRO,TLAHUAC,19.29625,-99.03745
BARRIO TECAXTITLA,MILPA ALTA,19.22176,-98.99378
LOMAS DE SANTA FE,ALVARO OBREGON,19.38735,-99.2402
PARQUE DEL PEDREGAL,TLALPAN,19.29828,-99.19083
AMPLIACION MALACATES,GUSTAVO A. MADERO,19.57493,-99.13013
EL JAGUEY,AZCAPOTZALCO,19.48373,-99.17294
SAN MIGUEL TEOTONGO SECC RANCHITO,IZTAPALAPA,19.34763,-98.98557
TLATILCO,AZCAPOTZALCO,19.46233,-99.16042
LOMAS DE MEMETLA,CUAJIMALPA DE MORELOS,19.35782,-99.28671
LAS ARBOLEDAS,TLAHUAC,19.3096,-99.04622
PUEBLO SANTA CRUZ ACAYUCAN,AZCAPOTZALCO,19.47485,-99.19675
LAS AMERICAS,ALVARO OBREGON,19.4008,-99.20776
LA CARBONERA,LA MAGDALENA CONTRERAS,19.30175,-99.25374
FLORESTA COYOACAN,TLALPAN,19.30411,-99.12834
BARRIO COLTONGO,AZCAPOTZALCO,19.47961,-99.1494
COMPOSITORES MEXICANOS,GUSTAVO A. MADERO,19.56505,-99.13939
SANTIAGO ATEPETLAC,GUSTAVO A. MADERO,19.52504,-99.15813
LOMAS HIDALGO,TLALPAN,19.27421,-99.21537
LA CONCHA,XOCHIMILCO,19.25395,-99.11693
PUEBLO SAN ANDRES DE LAS SALINAS,AZCAPOTZALCO,19.48983,-99.15603
BARRIO SAN FERNANDO,TLALPAN,19.29537,-99.18054
EL CAPULIN,ALVARO OBREGON,19.39716,-99.21071
CERRO DEL GUERRERO,GUSTAVO A. MADERO,19.50327,-99.1151
16 DE SEPTIEMBRE,MIGUEL HIDALGO,19.40205,-99.20507
BARRIO SAN JOSE,MILPA ALTA,19.17765,-99.00076
LOMAS DE LAS AGUILAS,ALVARO OBREGON,19.34499,-99.23377
U.HABIT. CUCHILLA DEL TESORO,GUSTAVO A. MADERO,19.44717,-99.05656
AGRICOLA METROPOLITANA,TLAHUAC,19.28778,-99.05205
PUEBLO SAN JUANICO NEXTIPAC,IZTAPALAPA,19.37421,-99.12155
NATIVITAS,XOCHIMILCO,19.25058,-99.01117
SAN MIGUEL 8VA AMPLIACION,IZTAPALAPA,19.34837,-99.07776
BARRIO CALPULCO,XOCHIMILCO,19.24988,-99.07531
LA OTRA BANDA,ALVARO OBREGON,19.33517,-99.19853
COLINAS DE TARANGO,ALVARO OBREGON,19.36329,-99.22078
SAN PEDRO,CUAJIMALPA DE MORELOS,19.36149,-99.29958
6 DE JUNIO,GUSTAVO A. MADERO,19.5505,-99.12452
TIERRA NUEVA,AZCAPOTZALCO,19.50174,-99.20396
VILLA QUIETUD,COYOACAN,19.2999,-99.10588
MOLINO DEL REY,MIGUEL HIDALGO,19.42381,-99.20318
EX EJIDO SAN JUAN DE ARAGON SECTOR 33,GUSTAVO A. MADERO,19.46673,-99.09153
INDECO,GUSTAVO A. MADERO,19.47182,-99.0907
IXTLAHUACAN,IZTAPALAPA,19.3405,-98.99717
BARRIO LA CONCEPCION TLACOAPA,XOCHIMILCO,19.27232,-99.10426
CUAUHTEMOC,LA MAGDALENA CONTRERAS,19.3234,-99.24517
CHIMILLI,TLALPAN,19.27063,-99.21828
SAN AGUSTIN DEL PUEBLO TETELPAN,ALVARO OBREGON,19.34302,-99.22223
MARTIRES DE TACUBAYA,ALVARO OBREGON,19.3873,-99.21436
UN HOGAR PARA CADA TRABAJADOR,AZCAPOTZALCO,19.47501,-99.17599
ALDANA,AZCAPOTZALCO,19.47213,-99.14928
DOS LAGOS,MIGUEL HIDALGO,19.44423,-99.18769
EL ERMITANO,LA MAGDALENA CONTRERAS,19.30227,-99.26539
MIGUEL HIDALGO 1A SECCION,TLALPAN,19.28505,-99.19148
BARRIO ALFALFAR,ALVARO OBREGON,19.37452,-99.20075
BARRIO TULA,IZTAPALAPA,19.33622,-99.11308
MIRADOR I,TLALPAN,19.27066,-99.21915
VILLA VERDUN,ALVARO OBREGON,19.34144,-99.26002
AMPLIACION ISIDRO FABELA,TLALPAN,19.29831,-99.17064
EL CENTINELA,COYOACAN,19.3365,-99.14193
GUADALUPE TLALTENCO,TLAHUAC,19.29166,-99.01211
HEROES DE PADIERNA,LA MAGDALENA CONTRERAS,19.31519,-99.22649
PUEBLO SANTA MARIA MALINALCO,AZCAPOTZALCO,19.47725,-99.18276
LAS HUERTAS,LA MAGDALENA CONTRERAS,19.29503,-99.23811
SAN MIGUEL TEOTONGO SECC CAPILLA,IZTAPALAPA,19.34343,-98.98803
AMPLIACION MARTIRES DE RIO BLANCO,GUSTAVO A. MADERO,19.46218,-99.10664
BARRIO AHUALAPA,XOCHIMILCO,19.24686,-99.06918
AMPLIACION ALPES,ALVARO OBREGON,19.35864,-99.20977
LOS VOLCANES,TLALPAN,19.27061,-99.17753
BOSQUES DE TETLAMEYA,COYOACAN,19.29883,-99.1508
CAMPESTRE PALO ALTO,CUAJIMALPA DE MORELOS,19.38047,-99.2559
AMPLIACION ESTADO DE HIDALGO,ALVARO OBREGON,19.36396,-99.24095
NUEVO RENACIMIENTO DE AXALCO,TLALPAN,19.25802,-99.16188
BARRIO BELEN,XOCHIMILCO,19.26013,-99.10404
EL PIRU SANTA FE,ALVARO OBREGON,19.37918,-99.24063
MIGUEL ALEMAN,BENITO JUAREZ,19.38975,-99.14444
LA GUADALUPE,LA MAGDALENA CONTRERAS,19.30602,-99.23092
LOMAS DE TONALCO,XOCHIMILCO,19.24644,-99.09581
ARENAL 2A. SECCION,VENUSTIANO CARRANZA,19.42627,-99.0568
EX-HACIENDA DE GUADALUPE CHIMALISTAC,COYOACAN,19.34718,-99.18075
LA CRUZ,IZTACALCO,19.4037,-99.11711
PUEBLO SAN FRANCISCO TLALNEPANTLA,XOCHIMILCO,19.20588,-99.12887
MIGUEL GAONA ARMENTA,ALVARO OBREGON,19.35593,-99.25143
SIETE MARAVILLAS,GUSTAVO A. MADERO,19.5141,-99.14561
LAS CAMPANAS,COYOACAN,19.30811,-99.12
EL ROSARIO,TLAHUAC,19.24019,-99.0053
PUEBLO SANTO DOMINGO,AZCAPOTZALCO,19.48994,-99.19444
NAN,MIGUEL HIDALGO,19.45308,-99.21842
LA CONCEPCION,TLAHUAC,19.31048,-98.96607
PUEBLO SAN JERONIMO MIACATLAN,MILPA ALTA,19.19311,-99.00968
BARRIO LA LUPITA TETICPAC,MILPA ALTA,19.18097,-98.99774
CULHUACAN CTM SECCION  II,COYOACAN,19.32897,-99.11931
XALPA,CUAJIMALPA DE MORELOS,19.31222,-99.33191
LAS PERITAS,XOCHIMILCO,19.27183,-99.1258
BARRIO XALTIPAC,MILPA ALTA,19.2167,-98.98291
ZACAHUITZCO,IZTAPALAPA,19.3732,-99.13254
JUAN GONZALEZ ROMERO,GUSTAVO A. MADERO,19.50575,-99.08696
CRUZ DEL FAROL,TLALPAN,19.27041,-99.21355
AMPLIACION BENITO JUAREZ,GUSTAVO A. MADERO,19.53605,-99.14037
SECTOR NAVAL,AZCAPOTZALCO,19.46984,-99.17668
BARRIO SAN MIGUEL,TLAHUAC,19.22357,-98.96238
CARLOS HANK GONZALEZ,IZTAPALAPA,19.33073,-99.05127
TARANGO,ALVARO OBREGON,19.35049,-99.24728
EX HACIENDA DE TARANGO,ALVARO OBREGON,19.36174,-99.22334
LA LENGUETA,GUSTAVO A. MADERO,19.57374,-99.12892
EL TRIANGULO,IZTAPALAPA,19.32255,-99.05013
BARRIO LA SANTISIMA,XOCHIMILCO,19.2634,-99.09409
EL BOSQUE 2A SECC,ALVARO OBREGON,19.39145,-99.19982
NAN,AZCAPOTZALCO,19.50744,-99.1753
PEDREGAL DE SAN NICOLAS 5A SECCION,TLALPAN,19.27632,-99.24143
2DA AMPLIACION PRESIDENTES,ALVARO OBREGON,19.37265,-99.22555
TLACAELEL,GUSTAVO A. MADERO,19.55784,-99.1459
PROGRESISTA,VENUSTIANO CARRANZA,19.43638,-99.11066
BARRIO SANTA ANA,TLAHUAC,19.26942,-99.00549
LA CRUZ,GUSTAVO A. MADERO,19.49281,-99.10239
8 DE AGOSTO,ALVARO OBREGON,19.39309,-99.18965
EL MIRADOR,XOCHIMILCO,19.26246,-99.12967
PUEBLO SAN AGUSTIN OHTENCO,MILPA ALTA,19.19186,-99.01353
MERCED GOMEZ,BENITO JUAREZ,19.3679,-99.19035
AMPLIACION EMILIANO ZAPATA,GUSTAVO A. MADERO,19.46406,-99.10641
DESARROLLO URBANO,ALVARO OBREGON,19.38231,-99.21986
AMPLIACION LOMAS DE SAN BERNABE,LA MAGDALENA CONTRERAS,19.3052,-99.26846
EL PIRUL,ALVARO OBREGON,19.38041,-99.21726
PLAN DE IGUALA,IZTAPALAPA,19.35181,-99.08517
TORRES DE PADIERNA,TLALPAN,19.28025,-99.22786
LOMAS DE CHAPULTEPEC I SECCION,MIGUEL HIDALGO,19.40875,-99.22318
LAS AGUILAS 1RA SECCION,ALVARO OBREGON,19.3558,-99.21577
AMPLIACION SAN PEDRO XALPA,NAN,19.47336,-99.2148
RINCONADA COAPA,XOCHIMILCO,19.29471,-99.10202
24 DE ABRIL,VENUSTIANO CARRANZA,19.41559,-99.11688
PUEBLO NUEVO BAJO,LA MAGDALENA CONTRERAS,19.30706,-99.24652
PARQUE NACIONAL BOSQUE DEL PEDREGAL,TLALPAN,19.2944,-99.21534
HIDALGO,ALVARO OBREGON,19.40045,-99.2098
BARRIO LOS ANGELES,MILPA ALTA,19.1891,-99.02241
SAN FRANCISCO,LA MAGDALENA CONTRERAS,19.31291,-99.22893
EL MIRADOR 3A SECCION,TLALPAN,19.27055,-99.1831
EL PARQUE DE COYOACAN,COYOACAN,19.30872,-99.13328
PUEBLO SANTIAGO TEPALCATLALPAN U H RCDA DEL SUR,XOCHIMILCO,19.26068,-99.1204
LA PLANTA,IZTAPALAPA,19.29529,-99.06493
BOSQUE DE CHAPULTEPEC I SECCION,CUAUHTEMOC,19.42073,-99.17567
JARDIN AZPEITIA,AZCAPOTZALCO,19.46879,-99.17576
AMPLIACION MICHOACANA,VENUSTIANO CARRANZA,19.44864,-99.11472
SAN BARTOLO EL CHICO,TLALPAN,19.28339,-99.13246
EL MAESTRO,LA MAGDALENA CONTRERAS,19.33519,-99.21346
CHICHICASPATL,TLALPAN,19.27839,-99.24422
LOS PICOS,IZTAPALAPA,19.37824,-99.10168
EL PRADO,IZTAPALAPA,19.35894,-99.13628
AHUEHUETES ANAHUAC,MIGUEL HIDALGO,19.44982,-99.19087
MICHOACANA,VENUSTIANO CARRANZA,19.44887,-99.11531
LOS PICOS DE IZTACALCO SECCION 1 A,IZTACALCO,19.38934,-99.11278
EMILIANO ZAPATA,GUSTAVO A. MADERO,19.46039,-99.11796
CASTILLO GRANDE,GUSTAVO A. MADERO,19.53864,-99.1379
FERROCARRILERA,GUSTAVO A. MADERO,19.4816,-99.09226
LAS MAROMAS,CUAJIMALPA DE MORELOS,19.31517,-99.33389
AMPLIACION EL SANTUARIO,IZTAPALAPA,19.34715,-99.09151
VISTAS DEL PEDREGAL,TLALPAN,19.27214,-99.23452
CULHUACAN CTM SECCION  I,COYOACAN,19.33167,-99.11945
AMPLIACION JALALPA,ALVARO OBREGON,19.37522,-99.23422
RINCON DE LA BOLSA,ALVARO OBREGON,19.33181,-99.25188
EL EBANO,CUAJIMALPA DE MORELOS,19.37396,-99.28919
IGNACIO MANUEL ALTAMIRANO,MIGUEL HIDALGO,19.46416,-99.19606
FRANCISCO VILLA,TLAHUAC,19.25008,-99.00689
EL MIRADOR 2A SECCION,TLALPAN,19.2716,-99.18215
VALLE DE TEPEPAN,TLALPAN,19.27082,-99.14768
PUEBLO LA MAGDALENA,LA MAGDALENA CONTRERAS,19.30204,-99.24614
CANUTILLO 2DA SECCION,ALVARO OBREGON,19.36073,-99.22783
BARRIO OCOTITLA,MILPA ALTA,19.20084,-99.05481
SANTA CRUZ DE GUADALUPE,XOCHIMILCO,19.22589,-99.12033
GRANJAS PALO ALTO,CUAJIMALPA DE MORELOS,19.38181,-99.25374
SAN SALVADOR XOCHIMANCA,AZCAPOTZALCO,19.46005,-99.17406
SAN JERONIMO,XOCHIMILCO,19.25291,-99.09389
CAMPESTRE COYOACAN,COYOACAN,19.31195,-99.11719
AVE REAL,ALVARO OBREGON,19.36125,-99.23757
CHIMALLI,TLALPAN,19.29318,-99.14182
BARRIO POCITOS,XOCHIMILCO,19.24689,-99.0833
PRADO CHURUBUSCO,IZTAPALAPA,19.35756,-99.12196
RANCHO LOS COLORINES,TLALPAN,19.28679,-99.13823
FRANCISCO I MADERO,MIGUEL HIDALGO,19.44798,-99.20578
10 DE ABRIL,MIGUEL HIDALGO,19.44892,-99.20853
LAS TORTOLAS,TLALPAN,19.28179,-99.14926
TIERRA BLANCA,TLAHUAC,19.2386,-99.00131
SAN JOSE BUENAVISTA,IZTAPALAPA,19.32598,-99.03348
AMPLIACION LA CEBADA,ALVARO OBREGON,19.38022,-99.23227
MEMETLA,CUAJIMALPA DE MORELOS,19.36045,-99.28819
EL ARBOLILLO,GUSTAVO A. MADERO,19.5361,-99.14207
LOMA DEL PADRE,CUAJIMALPA DE MORELOS,19.3503,-99.30844
DAMIAN CARMONA,VENUSTIANO CARRANZA,19.44352,-99.10166
BEJERO DEL PUEBLO SANTA FE,ALVARO OBREGON,19.38065,-99.24647
COLTONGO,AZCAPOTZALCO,19.47926,-99.14847
COLONIAL IZTAPALAPA,IZTAPALAPA,19.34724,-99.05615
VENTURA PEREZ DE ALVA,MIGUEL HIDALGO,19.4539,-99.1976
PATRIMONIO FAMILIAR,AZCAPOTZALCO,19.46716,-99.14872
PUEBLO TULYEHUALCO,TLAHUAC,19.26574,-99.01792
ACUILOTLA,ALVARO OBREGON,19.35975,-99.24417
VISTA HERMOSA,LA MAGDALENA CONTRERAS,19.31216,-99.2536
SAN FRANCISCO CULHUACAN BARRIO DE SAN JUAN,COYOACAN,19.33891,-99.11922
BARRIO SAN JOSE PUEBLO SAN LUIS TLAXIALTEMALCO,XOCHIMILCO,19.2517,-99.03017
LOMAS EL MANTO,IZTAPALAPA,19.35185,-99.0861
BARRIO LA LAGUNA TICOMAN,GUSTAVO A. MADERO,19.50596,-99.12978
AMPLIACION TLACUITLAPA,ALVARO OBREGON,19.35379,-99.24133
EL MOLINO,CUAJIMALPA DE MORELOS,19.36743,-99.27958
BELISARIO DOMINGUEZ,TLALPAN,19.30787,-99.13409
LAS ARBOLEDAS,IZTAPALAPA,19.31408,-99.04583
BARRIO LA GUADALUPANA,XOCHIMILCO,19.24717,-99.03531
POTRERO DEL LLANO,AZCAPOTZALCO,19.47498,-99.16042
BARRIO LA CANDELARIA,XOCHIMILCO,19.25351,-99.04646
LA PENITA DEL PUEBLO TETELPAN,ALVARO OBREGON,19.34284,-99.23105
ALCANTARILLA,ALVARO OBREGON,19.33875,-99.24983
PROFESOR J ARTURO LOPEZ MARTINEZ,ALVARO OBREGON,19.35928,-99.22037
SAN MIGUEL TEOTONGO SECC AVISADERO,IZTAPALAPA,19.33681,-98.98941
LAS AGUILAS 3ER PARQUE,ALVARO OBREGON,19.35207,-99.22294
LAS AGUILAS 2DO PARQUE,ALVARO OBREGON,19.35891,-99.22372
BARRIO SANTA CRUZ,TLAHUAC,19.22534,-98.94832
CULTURA MAYA,TLALPAN,19.27709,-99.22185
PUEBLO SANTA LUCIA CHANTEPEC,ALVARO OBREGON,19.3592,-99.23907
SAN JERONIMO ACULCO,ALVARO OBREGON,19.31848,-99.22108
LOMAS DE GUADALUPE,ALVARO OBREGON,19.34303,-99.24351
FERNANDO CASAS ALEMAN,GUSTAVO A. MADERO,19.45159,-99.09719
LOMAS AXOMIATLA,ALVARO OBREGON,19.34327,-99.25502
ALTAVISTA,ALVARO OBREGON,19.34892,-99.19904
BARRIO DEL PUENTE,XOCHIMILCO,19.24698,-99.07837
HACIENDAS DE COYOACAN,TLALPAN,19.30031,-99.11215
CIUDAD UNIVERSITARIA,ALVARO OBREGON,19.33149,-99.19552
POPULAR SANTA TERESA,TLALPAN,19.30229,-99.22532
HERMOSILLO,COYOACAN,19.34476,-99.12744
EL TEJOCOTE,ALVARO OBREGON,19.38281,-99.21471
SAN MIGUEL TEOTONGO SECC ACORRALADO,IZTAPALAPA,19.34626,-98.99423
LOMAS DE PADIERNA SUR,TLALPAN,19.2736,-99.22561
CARLOS JONGUITUD BARRIOS,IZTAPALAPA,19.31067,-99.09052
LOMAS DE NATIVITAS,XOCHIMILCO,19.23897,-99.08824
PUEBLO SAN JOSE ZACATEPEC,XOCHIMILCO,19.24071,-99.12511
RANCHO SAN FRANCISCO DEL PBLO SAN BARTOLO AMEYALCO,ALVARO OBREGON,19.33288,-99.25844
CUCHILLA PANTITLAN,IZTACALCO,19.42074,-99.05987
SAN JUAN TEPEXIMILPA,TLALPAN,19.27329,-99.19223
BARRIO SAN DIEGO,XOCHIMILCO,19.2637,-99.1007
BARRIO 3 DE MAYO,XOCHIMILCO,19.25024,-99.06065
SAN MIGUEL,GUSTAVO A. MADERO,19.56101,-99.13482
ABDIAS GARCIA SOTO,CUAJIMALPA DE MORELOS,19.35312,-99.29428
PERIODISTA,NAN,19.44859,-99.22015
TRES MOSQUETEROS,VENUSTIANO CARRANZA,19.44054,-99.10624
BARRIO SANTA CRUZ,IZTACALCO,19.38867,-99.12062
PASEOS DEL SUR,XOCHIMILCO,19.27245,-99.12035
CERRILLOS SEGUNDA SECCION,XOCHIMILCO,19.24491,-99.01671
MIGUEL HIDALGO,ALVARO OBREGON,19.33781,-99.21445
EL SACRIFICIO,XOCHIMILCO,19.24121,-99.01791
LA ASUNCION,TLAHUAC,19.24169,-98.99212
NUEVA ESPANA,AZCAPOTZALCO,19.49824,-99.18953
DIVISADERO,TLALPAN,19.2534,-99.15631
RESIDENCIAL MILITAR,MIGUEL HIDALGO,19.44186,-99.21614
PRIMAVERA,TLALPAN,19.26795,-99.20212
ESTANZUELA,GUSTAVO A. MADERO,19.4903,-99.11064
BARRIO SAN MIGUEL,NAN,19.3062,-98.96569
CARLOS JONGUITUD BARRIOS,XOCHIMILCO,19.31025,-99.09197
LA PALMITA,ALVARO OBREGON,19.38521,-99.22655
LIBERACION PROLETARIA,ALVARO OBREGON,19.38141,-99.23021
TEXMIC,XOCHIMILCO,19.2409,-99.1056
MARIA ESTHER ZUNO DE ECHEVERRIA,TLALPAN,19.25358,-99.18249
SAN FELIPE DE JESUS,NAN,19.49763,-99.06434
LOMAS DEL PEDREGAL,TLALPAN,19.27396,-99.21731
AMPLIACION ARBOLEDAS,GUSTAVO A. MADERO,19.5653,-99.12683
REAL DE LAS LOMAS,MIGUEL HIDALGO,19.40001,-99.23506
SAN CLEMENTE SUR,ALVARO OBREGON,19.34782,-99.22587
BARRIO SAN LORENZO,XOCHIMILCO,19.26507,-99.0974
SAN MIGUEL TEOTONGO SECCION IZTLAHUACA,IZTAPALAPA,19.34497,-98.99425
BARRIO SAN AGUSTIN,TLAHUAC,19.22467,-98.96732
PUEBLO SANTA ROSA XOCHIAC,CUAJIMALPA DE MORELOS,19.3193,-99.29367
LA ESTACION,IZTAPALAPA,19.31403,-99.04577
BARRIO LAS CRUCES,XOCHIMILCO,19.24336,-99.07429
BARRIO TETITLA,XOCHIMILCO,19.24979,-99.07144
BARRANCA DE GUADALUPE,IZTAPALAPA,19.32711,-99.02264
SAN PABLO,IZTAPALAPA,19.33519,-99.00337
SANTISIMA TRINIDAD,TLALPAN,19.27261,-99.18508
LAS SALINAS,AZCAPOTZALCO,19.48689,-99.16353
EL CANTIL,TLALPAN,19.23359,-99.16061
DIAMANTE,TLALPAN,19.27129,-99.19316
LA CASCADA,ALVARO OBREGON,19.37135,-99.196
CANANEA,IZTAPALAPA,19.29403,-99.07206
GUADALUPE VICTORIA CUAUTEPEC,GUSTAVO A. MADERO,19.53776,-99.1413
BENITO JUAREZ,IZTAPALAPA,19.33088,-99.08086
ZACAYUCAN PENA POBRE,TLALPAN,19.2961,-99.18855
HEROES DE 1910,TLALPAN,19.24319,-99.23521
BARRIO SAN RAFAEL TICOMAN,GUSTAVO A. MADERO,19.51345,-99.12414
SANTA LUCIA CHANTEPEC,ALVARO OBREGON,19.35257,-99.23518
EL POCITO,ALVARO OBREGON,19.38182,-99.20874
PASEO DE LAS LOMAS,CUAJIMALPA DE MORELOS,19.3675,-99.26708
BARRIO NOCHTLA,MILPA ALTA,19.20514,-99.04864
TLACOYAQUE,ALVARO OBREGON,19.32248,-99.26781
JUVENTINO ROSAS,GUSTAVO A. MADERO,19.56156,-99.1358
PENSADOR MEXICANO,GUSTAVO A. MADERO,19.45087,-99.07932
VILLA QUIETUD,XOCHIMILCO,19.3001,-99.10082
SIDERAL,IZTAPALAPA,19.37512,-99.06365
BARRIO SAN JUAN MOYOTEPEC,XOCHIMILCO,19.25518,-99.06716
BARRIO XOCHITEPETL,MILPA ALTA,19.20963,-98.9856
BOSQUE,ALVARO OBREGON,19.39297,-99.19772
NAN,ALVARO OBREGON,19.3749,-99.23836
BARRIO SAN BERNABE,AZCAPOTZALCO,19.46695,-99.17455
FORESTAL II,GUSTAVO A. MADERO,19.56945,-99.1255
LOMAS DEL PEDREGAL FRAMBOYANES,TLALPAN,19.30511,-99.2214
IGNACIO ALLENDE,AZCAPOTZALCO,19.46646,-99.16198
RINCONADA EL MIRADOR,TLALPAN,19.2669,-99.15221
BARRIO LA GUADALUPE,TLAHUAC,19.31503,-98.96891
AMPLIACION LOS OLIVOS,IZTAPALAPA,19.31049,-99.05496
LOS GAMITOS,ALVARO OBREGON,19.3785,-99.23799
LOS CEDROS,COYOACAN,19.31157,-99.11324
JOSE LOPEZ PORTILLO,XOCHIMILCO,19.30161,-99.08461
AMPLIACION COSMOPOLITA,AZCAPOTZALCO,19.47355,-99.15922
ARCOS CENTENARIO,ALVARO OBREGON,19.36019,-99.2284
EL MIRADOR DEL PUEBLO TETELPAN,ALVARO OBREGON,19.34497,-99.22611
LA MILAGROSA,ALVARO OBREGON,19.35148,-99.23885
PARQUE NACIONAL CERRO DE LA ESTRELLA,IZTAPALAPA,19.3443,-99.09009
TECOLALCO,ALVARO OBREGON,19.37957,-99.23654
RINCONADA DE TARANGO,ALVARO OBREGON,19.36303,-99.22258
PUEBLO SANTA MARIA TEPEPAN,TLALPAN,19.28105,-99.14123
BARRIO SAN JUAN MINAS,XOCHIMILCO,19.25351,-99.06308
MIGUEL HIDALGO,VENUSTIANO CARRANZA,19.43637,-99.10619
PRADO COAPA 1A SECCION,TLALPAN,19.30246,-99.12916
ESCANDON I SECCION,BENITO JUAREZ,19.3968,-99.18238
ZONA CENTRO,CUAUHTEMOC,19.42297,-99.126
BARRIO SANTA MARIA NONOALCO,BENITO JUAREZ,19.38162,-99.19171
SAN MIGUEL TEOTONGO SECC LOMA ALTA,IZTAPALAPA,19.33927,-98.98667
VILLA HERMOSA,GUSTAVO A. MADERO,19.50267,-99.09158
LA PALMA,XOCHIMILCO,19.23619,-99.1482
LOPEZ PORTILLO DEL PUEBLO SAN FRANCISCO TLALTENCO,TLAHUAC,19.30244,-99.02233
BELISARIO DOMINGUEZ,GUSTAVO A. MADERO,19.46232,-99.11161
CUCHILLA DE PADIERNA,TLALPAN,19.27257,-99.21991
CRESCENCIO JUAREZ CHAVIRA,LA MAGDALENA CONTRERAS,19.29951,-99.26085
SANTA INES,XOCHIMILCO,19.23467,-99.11537
PENA ALTA,TLAHUAC,19.23203,-99.00431
PANTEON CIVIL DE DOLORES,MIGUEL HIDALGO,19.39767,-99.21834
BARRIO LA CONCEPCION PUEBLO SAN JUAN IXTAYOPAN,TLAHUAC,19.23926,-98.99796
SAN MIGUEL TEOTONGO SECC JARDINES,IZTAPALAPA,19.34659,-98.98957
VIVEROS COATECTLAN,TLALPAN,19.24565,-99.1513
EL JAZMIN,XOCHIMILCO,19.24295,-99.0855
AMPLIACION ACUEDUCTO,ALVARO OBREGON,19.39657,-99.20691
BARRIO LOS REYES,XOCHIMILCO,19.24555,-99.05484
EVA SAMANO DE LOPEZ MATEOS,IZTAPALAPA,19.35676,-99.06791
MONTE ALTO,AZCAPOTZALCO,19.47981,-99.15665
ROSAS DEL TEPEYAC,GUSTAVO A. MADERO,19.48911,-99.11571
INDUSTRIAL VALLEJO,NAN,19.50466,-99.16273
SANTA ROSA,NAN,19.5241,-99.1746
LOMAS DE CHAPULTEPEC VII SECCION,MIGUEL HIDALGO,19.41072,-99.21731
SAN MIGUEL TEOTONGO SECC RANCHO BAJO,IZTAPALAPA,19.33783,-98.98633
SAN LUCAS ORIENTE,XOCHIMILCO,19.24025,-99.10642
SAN BARTOLO EL CHICO,XOCHIMILCO,19.28381,-99.12936
PUNTA DE CEGUAYA,ALVARO OBREGON,19.36081,-99.24074
LOS JURISTAS,ALVARO OBREGON,19.35562,-99.23465
CELOALLIOTLI,XOCHIMILCO,19.29262,-99.07708
U.HABIT. ZAPOTE 1,TLALPAN,19.29989,-99.17908
VALLE DE SANTA MARIA,XOCHIMILCO,19.23524,-99.09821
ABRAHAM M GONZALEZ,ALVARO OBREGON,19.38616,-99.20443
SAN ANTONIO,GUSTAVO A. MADERO,19.55949,-99.13796
FORESTAL I,GUSTAVO A. MADERO,19.56467,-99.12776
REACOMODO PINO SUAREZ,ALVARO OBREGON,19.39617,-99.20382
AMPLIACION VENUSTIANO CARRANZA,VENUSTIANO CARRANZA,19.44735,-99.10359
VERANO,TLALPAN,19.26606,-99.20092
AHUEHUETES,GUSTAVO A. MADERO,19.54635,-99.13067
ARENAL,CUAUHTEMOC,19.46323,-99.1487
BARRIO EL TRUENITO,TLALPAN,19.27732,-99.16999
AMPLIACION MEMETLA,CUAJIMALPA DE MORELOS,19.35807,-99.28497
ROMULO SANCHEZ MIRELES,TLALPAN,19.29841,-99.17616
BARRIO SAN MIGUEL PUEBLO SANTA ANA TLACOTENCO,MILPA ALTA,19.17204,-99.00042
PUEBLO SAN JUAN TEPENAHUAC,MILPA ALTA,19.18961,-98.99703
SAN MIGUEL TEOTONGO (SECC LAS TORRES),IZTAPALAPA,19.34709,-98.99087
EL ENCINO DEL PUEBLO TETELPAN,ALVARO OBREGON,19.34422,-99.22873
EL MOLINITO,CUAJIMALPA DE MORELOS,19.36233,-99.28696
CUMBRES DE TEPETONGO,TLALPAN,19.27135,-99.19013
BARRIO CHALMITA,MILPA ALTA,19.18548,-99.07405
PUEBLO SAN PEDRO XALPA,NAN,19.48724,-99.21722
DOLORES TLALI,XOCHIMILCO,19.24345,-99.14417
PUEBLO SAN MIGUEL AMANTLA,NAN,19.47126,-99.20701
MOVIMIENTO ORGANIZADO DE TLALPAN,TLALPAN,19.26643,-99.15302
SAN MIGUEL TEOTONGO SECC RANCHITO,NAN,19.34854,-98.98425
LA ESTRELLA,ALVARO OBREGON,19.38512,-99.22714
DEL MAR,XOCHIMILCO,19.28465,-99.06859
JARDINES DEL LLANO,TLAHUAC,19.23321,-98.98991
AARON SAENZ,VENUSTIANO CARRANZA,19.41265,-99.12394
PEDREGAL DE SAN NICOLAS 1A SECCION,LA MAGDALENA CONTRERAS,19.28934,-99.24283
BARRIO LA GALLERA,XOCHIMILCO,19.25392,-99.06974
LOCAXCO,CUAJIMALPA DE MORELOS,19.35469,-99.28983
AMPLIACION BELLAVISTA,IZTAPALAPA,19.33044,-99.06727
BARRIO TETITLA DEL PUEBLO SANTA CRUZ ACALPIXCA,XOCHIMILCO,19.24904,-99.07132
PONCIANO ARRIAGA,ALVARO OBREGON,19.35756,-99.22711
VALLE DE SAN LORENZO,XOCHIMILCO,19.2929,-99.07728
CACAMA,COYOACAN,19.35798,-99.12492
LA CONCEPCION,NAN,19.30965,-98.96411
SAN LORENZO TLATENANGO,NAN,19.46969,-99.20751
PIRU SANTA LUCIA,ALVARO OBREGON,19.3628,-99.24334
EL TIANGUILLO,CUAJIMALPA DE MORELOS,19.32881,-99.31675
SAN ANTONIO CULHUACAN,IZTAPALAPA,19.33456,-99.10807
AMPLIACION  ZAPOTITLA,TLAHUAC,19.31084,-99.03638
LOS SAUCES,TLALPAN,19.30217,-99.11967
AMPLIACION GUADALUPE PROLETARIA,GUSTAVO A. MADERO,19.51962,-99.1502
AMPLIACION LOS PIRULES,ALVARO OBREGON,19.36121,-99.24364
VALLE VERDE,TLALPAN,19.24566,-99.14331
EL RODEO,ALVARO OBREGON,19.38088,-99.20798
LA JOYITA DEL PUEBLO TETELPAN,ALVARO OBREGON,19.34159,-99.23272
BARRIO SAN JUAN PUEBLO SAN LUIS TLAXIALTEMALCO,XOCHIMILCO,19.25442,-99.03274
TEXCALTENCO,TLALPAN,19.2754,-99.18649
CANUTILLO 3RA SECCION,ALVARO OBREGON,19.36337,-99.22626
COOPERATIVA PALO ALTO,CUAJIMALPA DE MORELOS,19.3864,-99.25013
AGUA BENDITA,CUAJIMALPA DE MORELOS,19.35991,-99.30569
VERGEL DEL SUR,COYOACAN,19.30179,-99.14055
LA MEZA,TLAHUAC,19.31701,-98.96865
JARDINES DEL PEDREGAL DE SAN ANGEL,ALVARO OBREGON,19.31078,-99.20083
FUENTES DE TEPEPAN,XOCHIMILCO,19.26755,-99.1449
LAS LAJAS,CUAJIMALPA DE MORELOS,19.3124,-99.33217
BARRIO SAN ANDRES,XOCHIMILCO,19.25136,-99.04989
JUAREZ,MIGUEL HIDALGO,19.42305,-99.17509
HEROICO COLEGIO MILITAR,XOCHIMILCO,19.26737,-99.14427
AMPLIACION EL YAQUI,CUAJIMALPA DE MORELOS,19.36066,-99.28394
CRISTO REY,XOCHIMILCO,19.24894,-99.01707
EL RUEDO,ALVARO OBREGON,19.35112,-99.24011
PRADOS DE CUAUTEPEC,GUSTAVO A. MADERO,19.5619,-99.14214
TEPEACA,ALVARO OBREGON,19.35879,-99.23693
LOMAS DE CHAMONTOYA,LA MAGDALENA CONTRERAS,19.31374,-99.26735
SAN BUENAVENTURA,TLALPAN,19.28355,-99.16103
LOMAS DE CUILOTEPEC,TLALPAN,19.27013,-99.23224
AMPLIACION LA CONCHITA,TLAHUAC,19.23549,-99.00447
GRANJAS MEXICO,VENUSTIANO CARRANZA,19.40721,-99.08261
POTRERO DEL LLANO,TLAHUAC,19.23573,-98.99475
SANTA FE TLAYAPACA,ALVARO OBREGON,19.3587,-99.26055
PUEBLO SANTA FE,MIGUEL HIDALGO,19.39675,-99.22081
MARGARITA MAZA DE JUAREZ,ALVARO OBREGON,19.3814,-99.23598
PUEBLO SANTA LUCIA,CUAJIMALPA DE MORELOS,19.3513,-99.25927
AMPLIACION CASTILLO GRANDE,GUSTAVO A. MADERO,19.53719,-99.13672
ROCA DE CRISTAL,TLALPAN,19.27564,-99.18825
TECORRAL,TLALPAN,19.25894,-99.16609
CEHUAYA,ALVARO OBREGON,19.35979,-99.24303
BARRIO EL CALVARIO,XOCHIMILCO,19.22618,-99.10876
BARRIO CHAPULTEPEC,XOCHIMILCO,19.22054,-99.10806
ESCUELA DE TIRO,VENUSTIANO CARRANZA,19.43382,-99.11493
LI LEGISLATURA,GUSTAVO A. MADERO,19.48317,-99.09382
SAN ALVARO,MIGUEL HIDALGO,19.46079,-99.18853
ZACAMULPA,CUAJIMALPA DE MORELOS,19.35557,-99.32302
LA HUERTA,ALVARO OBREGON,19.3808,-99.23852
BARRIO SANTIAGO,NAN,19.31408,-98.96341
MANZANASTITLA,CUAJIMALPA DE MORELOS,19.36722,-99.29847
ALBARRADA,IZTAPALAPA,19.35806,-99.06817
PUEBLO SANTA CATARINA YECAHUIZOTL,TLAHUAC,19.31332,-98.97097
1RO DE MAYO,CUAJIMALPA DE MORELOS,19.33886,-99.32499
PUEBLO SAN LORENZO TEZONCO,TLAHUAC,19.30804,-99.05694
GENERAL IGNACIO ZARAGOZA,IZTACALCO,19.4091,-99.09683
BARRIO LA OTRA BANDA,COYOACAN,19.33678,-99.19034
AGRICULTURA,CUAUHTEMOC,19.45631,-99.16365
AGRICOLA PANTITLAN,VENUSTIANO CARRANZA,19.42083,-99.06368
LOMAS DE LA ERA,LA MAGDALENA CONTRERAS,19.31358,-99.26692
AMPLIACION VERACRUZANA,IZTAPALAPA,19.3496,-99.08922
BOSQUES DE TEPEXIMILPA,TLALPAN,19.27576,-99.18951
EL POLITOCO,ALVARO OBREGON,19.36363,-99.24508
TECALCAPA DEL PUEBLO TETELPAN,ALVARO OBREGON,19.34633,-99.22561
VALLE ESCONDIDO,XOCHIMILCO,19.27682,-99.14163
RINCON DEL PEDREGAL,ALVARO OBREGON,19.31098,-99.21907
PUEBLO SAN MATEO TLALTENANGO,ALVARO OBREGON,19.33662,-99.28393
EL TANQUE,ALVARO OBREGON,19.32703,-99.25037
VILLA CENTROAMERICANA,XOCHIMILCO,19.27754,-99.05065
BARRIO HUAUTLA DE LAS SALINAS,AZCAPOTZALCO,19.49046,-99.16026
PUEBLO SAN FRANCISCO TLALNEPANTLA,TLALPAN,19.20172,-99.13281
AMPLIACION SANTA CATARINA,NAN,19.32038,-98.96008
SANTA TERESA,TLALPAN,19.31057,-99.22492
VIEJO EJIDO SANTA URSULA COAPA,TLALPAN,19.30392,-99.13864
CULHUACAN CTM CANAL NACIONAL,IZTAPALAPA,19.32739,-99.10672
GALEANA,ALVARO OBREGON,19.3709,-99.22407
ROSARIO TLALI,XOCHIMILCO,19.22565,-99.10379
EL FRESNO,TLALPAN,19.27783,-99.18955
NATIVITAS,TLAHUAC,19.24847,-99.00969
CERRO DEL JUDIO - AV,LA MAGDALENA CONTRERAS,19.32099,-99.25057
AMPLIACION AVIACION CIVIL,IZTACALCO,19.4091,-99.07678
NATIVITAS,IZTACALCO,19.38196,-99.13443
VILLA SOLIDARIDAD,ALVARO OBREGON,19.3831,-99.21912
BARRIO LA LUPITA XOLCO,MILPA ALTA,19.18048,-99.00817
LOMAS ESTRELLA,XOCHIMILCO,19.31929,-99.09885
PLAZUELA DEL PEDREGAL,LA MAGDALENA CONTRERAS,19.30397,-99.23251
TLAXCALTENCO LA MESA,TLALPAN,19.27376,-99.18744
TLATILCO,MIGUEL HIDALGO,19.45661,-99.16481
CHICHICASPATL,LA MAGDALENA CONTRERAS,19.27563,-99.24348
EL ARBOL,ALVARO OBREGON,19.38036,-99.23602
ADOLFO LOPEZ MATEOS,IZTACALCO,19.41591,-99.07245
SAN PEDRO DE LOS PINOS,MIGUEL HIDALGO,19.39694,-99.18219
SAN JERONIMO LIDICE,ALVARO OBREGON,19.33085,-99.21059
BARRIO NINOS HEROES,XOCHIMILCO,19.25292,-99.04298
TEPANTITLAMILCO,TLAHUAC,19.22016,-98.97095
PROVIDENCIA,NAN,19.48954,-99.21642
JARDIN BALBUENA,IZTACALCO,19.4091,-99.09805
AHUATENCO,CUAJIMALPA DE MORELOS,19.36618,-99.30426
GUADALUPE INN,BENITO JUAREZ,19.36227,-99.18287
PUEBLO SANTIAGO AHUIZOTLA,NAN,19.4731,-99.21383
VILLA QUIETUD,TLALPAN,19.29982,-99.10489
ESTADO DE VERACRUZ,IZTAPALAPA,19.35059,-99.08856
OCOTILLOS DEL PUEBLO TETELPAN,ALVARO OBREGON,19.34071,-99.23735
RANCHO DEL CARMEN DEL PUEBLO SAN BARTOLO AMEYALCO,ALVARO OBREGON,19.33217,-99.25633
COOPERATIVA UNION OLIVOS,ALVARO OBREGON,19.3642,-99.24943
CAMPESTRE POTRERO,NAN,19.33167,-98.96793
VALLE VERDE,XOCHIMILCO,19.24453,-99.14353
CUAUHTEMOC,MIGUEL HIDALGO,19.43379,-99.17134
TLATILCO,CUAUHTEMOC,19.46185,-99.16043
BARRIO TULA,MILPA ALTA,19.20318,-99.05408
ALAMOS,IZTACALCO,19.40084,-99.1369
MODERNA,IZTACALCO,19.3925530018713,-99.1320693996773
LADERA,ALVARO OBREGON,19.38018820261,-99.2367285997644
PARQUE METROPOLITANO,GUSTAVO A. MADERO,19.5681430931096,-99.1317704166559
EL VERGEL,XOCHIMILCO,19.3058863433131,-99.0884405891047
REFORMA IZTACCIHUATL NORTE,BENITO JUAREZ,19.3869923982372,-99.1333319679588
CELOALLIOTLI,TLAHUAC,19.2925444114152,-99.0616977571603
INFONAVIT IZTACALCO,IZTAPALAPA,19.3802994968078,-99.1017813000104
BARRIO XALTIPAC,TLAHUAC,19.2263628948946,-98.993381800184
PUEBLO SANTA CECILIA TEPETLAPA,MILPA ALTA,19.2112473733707,-99.0948760861621
NAN,CDMX (INDETERMINADA),,
LA RAZA,CUAUHTEMOC,19.4638819176153,-99.1466134799769
JARDINES DEL PEDREGAL DE SAN ANGEL,TLALPAN,19.3029843084068,-99.1981072303301
SANTA FE CUAJIMALPA,ALVARO OBREGON,19.3658003116633,-99.2666034402981
ARENAL TEPEPAN,XOCHIMILCO,19.2812153686596,-99.141156037461
LOS PICOS,IZTACALCO,19.3802697639563,-99.1012470225864
PUEBLO SAN MIGUEL TOPILEJO,XOCHIMILCO,19.2097749494562,-99.1329157703441
TEOZOMA,TLAHUAC,19.3188095559494,-98.970259258948
CHICHILAULA,TLAHUAC,19.3154191231875,-98.9675607137634
AGRICOLA PANTITLAN,IZTAPALAPA,19.4005663962875,-99.0580635003438
BARRIO SAN JUAN Y GUADALUPE TICOMAN,NAN,19.5224892742863,-99.1264908847426
PEDREGAL DE SAN NICOLAS 3A SECCION,LA MAGDALENA CONTRERAS,19.2836094035812,-99.2426976019576
C T M ATZACOALCO,NAN,19.5117518689015,-99.1010814201657
PASEOS DE CHURUBUSCO,IZTACALCO,19.390359419404,-99.0885276798066
CULHUACAN CTM SECCION IX-B,XOCHIMILCO,19.3094892192024,-99.1000937439876
SANTA ANITA,VENUSTIANO CARRANZA,19.4046534567174,-99.1239264601579
IZTACCIHUATL,IZTACALCO,19.3904458625502,-99.1326002700637
BARRIO TECAXTITLA,TLAHUAC,19.2251676676844,-98.9960453892942
CULHUACAN CTM SECCION VIII,XOCHIMILCO,19.3187068777606,-99.0991231814483
SAN FRANCISCO CULHUACAN BARRIO DE SAN FRANCISCO,IZTAPALAPA,19.3356560645682,-99.1130082425499
LAS MESITAS,XOCHIMILCO,19.2435464723515,-99.0144150811164
PROGRESO TIZAPAN,LA MAGDALENA CONTRERAS,19.337311226539,-99.2094660365982
SAN LORENZO TLATENANGO,AZCAPOTZALCO,19.4679074618518,-99.1905739432696
NUEVA VALLEJO,AZCAPOTZALCO,19.5003606841008,-99.1561151802438
CHALMA DE GUADALUPE,NAN,19.54666844139,-99.154938928787
CUCHILLA DEL TESORO,NAN,19.45209960172,-99.0517413012079
PUEBLO TULYEHUALCO,XOCHIMILCO,19.2600442434046,-99.0167567881687
ARTES GRAFICAS,CUAUHTEMOC,19.4112262892985,-99.1276587284375
VIADUCTO PIEDAD,CUAUHTEMOC,19.4032755280519,-99.1298016600398
PUEBLO TIZAPAN,LA MAGDALENA CONTRERAS,19.33193193146,-99.2100781199057
REAL DEL MORAL,IZTACALCO,19.3906479625305,-99.0843825399988
VALLE GOMEZ,GUSTAVO A. MADERO,19.4596876374214,-99.1219977303374
MILITAR MARTE,BENITO JUAREZ,19.3798108241479,-99.1348792603784
LA CONCEPCION,TLALPAN,19.3017301958264,-99.2327689798314
TEPETONGO,CUAJIMALPA DE MORELOS,19.3733750359507,-99.2910459604454
VALLEJO PONIENTE,AZCAPOTZALCO,19.4662594983927,-99.14327845027
LA MALINCHE,VENUSTIANO CARRANZA,19.4526531483265,-99.10878450001
JAIME TORRES BODET,MILPA ALTA,19.2272184914183,-98.9974061599145
PUEBLO SAN MIGUEL AMANTLA,MIGUEL HIDALGO,19.4712481798302,-99.2067360901711
CUCHILLA AGRICOLA ORIENTAL,VENUSTIANO CARRANZA,19.4069845286586,-99.0810048598401
DEL CARMEN,IZTAPALAPA,19.3752209075797,-99.1359253203009
PUEBLO SAN BARTOLO AMEYALCO,CUAJIMALPA DE MORELOS,19.3421254970511,-99.2691806002907
CHURUBUSCO COUNTRY CLUB,IZTAPALAPA,19.3566330640853,-99.1356870695304
LA CRUZ,VENUSTIANO CARRANZA,19.4055768474624,-99.1157461703478
ESTRELLA CULHUACAN,COYOACAN,19.3318007437173,-99.1098419099066
PUEBLO SAN BERNABE OCOTEPEC,ALVARO OBREGON,19.3220062276153,-99.2588058102824
AGRICOLA ORIENTAL,VENUSTIANO CARRANZA,19.408309054244,-99.0771746601507
LA JOYA,VENUSTIANO CARRANZA,19.4527335461077,-99.1089457698511
AMPLIACION DEL GAS,CUAUHTEMOC,19.4639296262289,-99.1570776698864
SAN SALVADOR XOCHIMANCA,MIGUEL HIDALGO,19.4583886603233,-99.1761419202288
SAN JOSE ACULCO,IZTACALCO,19.3802498401968,-99.1011432597652
APATLACO,IZTACALCO,19.3818096883966,-99.1141109198634
VERGEL DE COYOACAN,COYOACAN,19.3031203684212,-99.1393724097594
LOMAS DE BEZARES,ALVARO OBREGON,19.3870742834889,-99.2439199997953
SAN GABRIEL,CUAJIMALPA DE MORELOS,19.3778677591616,-99.2588621400208
EL MIRADOR,TLALPAN,19.2995803057262,-99.1085256603238
LA PLANTA,TLAHUAC,19.2949769780206,-99.0621549897423
HIPODROMO,MIGUEL HIDALGO,19.4028836489695,-99.171013760339
SANTA FE CENTRO CIUDAD,CUAJIMALPA DE MORELOS,19.3646621471977,-99.2664581498064
SAN MIGUEL CHAPULTEPEC I SECCION,CUAUHTEMOC,19.4098221058814,-99.1831828502484
BOSQUE DE LAS LOMAS,CUAJIMALPA DE MORELOS,19.3950826008103,-99.2545111497307
AMPLIACION FUENTES DEL PEDREGAL,ALVARO OBREGON,19.3065404627849,-99.2103086096597
LA RAZA,GUSTAVO A. MADERO,19.4655329553434,-99.1430228897689
LAS MESITAS,TLAHUAC,19.2436372820194,-99.0142818895775
SAN MIGUEL CHAPULTEPEC II SECCION,CUAUHTEMOC,19.4114611439858,-99.1821509603887
EL ARENAL,XOCHIMILCO,19.2311953837387,-99.1259006095441
AMPLIACION SIMON BOLIVAR,GUSTAVO A. MADERO,19.4499186201961,-99.1012094896932
AGRICOLA ORIENTAL,IZTAPALAPA,19.3910417573932,-99.0809140203012
NICOLAS BRAVO,CUAUHTEMOC,19.4523374456243,-99.124700640275
PUEBLO SAN SALVADOR CUAUHTENCO,XOCHIMILCO,19.1990306456971,-99.1047477700872
NARCISO MENDOZA,XOCHIMILCO,19.284853342322,-99.1263276598783
VALLEJO,CUAUHTEMOC,19.4624746125737,-99.1292148798191
EL TRIANGULO,TLAHUAC,19.2844062675947,-99.0216547298259
VALLE DE TEPEPAN,XOCHIMILCO,19.2693419321125,-99.1429008503553
PLENITUD,MIGUEL HIDALGO,19.4733405031008,-99.2009675496458
HEROES DE PADIERNA,ALVARO OBREGON,19.3121220399949,-99.2198453804053
RINCON DEL PEDREGAL,LA MAGDALENA CONTRERAS,19.3111010405003,-99.2208619403724
EL TRIUNFO,IZTACALCO,19.379717619047,-99.1225970702095
AMPL. ASTURIAS,VENUSTIANO CARRANZA,19.4073409302819,-99.1263060299722
LINDAVISTA VALLEJO 1A SECCION,AZCAPOTZALCO,19.5026972039337,-99.1570065895407
CERRILLOS SEGUNDA SECCION,TLAHUAC,19.2449296167541,-99.0133501601457
DEL MAR,IZTAPALAPA,19.2909158055167,-99.0631898703158
MIXCOAC,ALVARO OBREGON,19.3710553972275,-99.1916987299298
JARDINES DEL PEDREGAL,COYOACAN,19.3332395523727,-99.1998994698075
LEYES DE REFORMA 3A SECCION,IZTACALCO,19.3829002112724,-99.0626554199888
SANTA FE LA LOMA,CUAJIMALPA DE MORELOS,19.3616490532184,-99.2620003200627
OBSERVATORIO,ALVARO OBREGON,19.4035761216599,-99.1937018902936
ARPTO INT DE LA CD DE MEX-EQUIPAMIENTO,GUSTAVO A. MADERO,19.4457026658798,-99.0646889801565
PAULINO NAVARRO,VENUSTIANO CARRANZA,19.4134378915423,-99.1281544803823
SAN JUAN DE ARAGON I SECCION,VENUSTIANO CARRANZA,19.4502307820391,-99.0915528802094
COVE,MIGUEL HIDALGO,19.402662980793,-99.198939050047
PUEBLO SAN LORENZO HUIPULCO,COYOACAN,19.301240153936,-99.147459050095
LOMAS ALTAS,ALVARO OBREGON,19.391501505853,-99.2389739999704
TORIELLO GUERRA,COYOACAN,19.2968406009112,-99.1566508100225
PUEBLA,IZTACALCO,19.4087957638151,-99.0771155699715
BARRIO SANTA APOLONIA,MIGUEL HIDALGO,19.4704368060199,-99.1904631304445
ESCANDON II SECCION,CUAUHTEMOC,19.399864388427,-99.1703331501993
LOS OLIVOS,IZTAPALAPA,19.3046833741277,-99.0604648596886
MAGISTERIAL COAPA,XOCHIMILCO,19.2895633973312,-99.1145329896687
LAS CRUCES,ALVARO OBREGON,19.3223978409948,-99.258097710308
CUCHILLA DEL MORAL,IZTACALCO,19.3869555518631,-99.0730144897542
GRANJAS COAPA,XOCHIMILCO,19.2990794140021,-99.1009712196286
BARRIO OXTOPULCO UNIVERSIDAD,ALVARO OBREGON,19.3436244832464,-99.1843187103075
LOS GIRASOLES,TLALPAN,19.3044734186739,-99.125858809944
LORENZO BOTURINI,CUAUHTEMOC,19.4160185628511,-99.1278203104547
PUEBLO SAN FRANCISCO XOCOTITLA,GUSTAVO A. MADERO,19.4672928967785,-99.1436625998196
CENTRAL DE ABASTO,IZTACALCO,19.3839048728461,-99.0928974900442
COOPERATIVA PALO ALTO,MIGUEL HIDALGO,19.3864829901207,-99.2477549303572
GRANJAS CABRERA,IZTAPALAPA,19.2968346572863,-99.0626095301844
16 DE SEPTIEMBRE,ALVARO OBREGON,19.3999532687512,-99.2118966596956
RINCONADA COAPA,TLALPAN,19.2942816740288,-99.1034276801975
DEL CARMEN,ALVARO OBREGON,19.3561278836734,-99.1735660196614
SAN RAFAEL,MIGUEL HIDALGO,19.4381557628882,-99.1684911600016
PUEBLO SANTA MARIA TOMATLAN,COYOACAN,19.3219011756334,-99.099939059538
PERALVILLO,GUSTAVO A. MADERO,19.4637854125431,-99.1314182100029
SANTA CRUZ DE LAS SALINAS,GUSTAVO A. MADERO,19.4886913518823,-99.1517597396367
VALLE DEL SUR,COYOACAN,19.3466927570799,-99.11770641992
DR ALFONSO ORTIZ TIRADO,IZTACALCO,19.3899759517302,-99.0788597902749
ASTURIAS,IZTACALCO,19.4031126279585,-99.1313535499782
SANTA FE PENA BLANCA,CUAJIMALPA DE MORELOS,19.3676173829146,-99.2667597604506
HIDALGO,MIGUEL HIDALGO,19.4006998336158,-99.2087976696567
PIEDAD NARVARTE,CUAUHTEMOC,19.4026119391912,-99.1616465399159
XOCO,ALVARO OBREGON,19.3595682676945,-99.1717061303225
XOCO,COYOACAN,19.358590886416,-99.1692023695773
PORVENIR,GUSTAVO A. MADERO,19.4727573602205,-99.1457526703068
CERRO LOS GACHUPINES,GUSTAVO A. MADERO,19.4896526853565,-99.1145164896738
ARENAL 4A. SECCION,NAN,19.4359909367544,-99.0498996449416
OLIMPICA,TLALPAN,19.3019367281314,-99.1669880664688
LAS HUERTAS,TLALPAN,19.2944016954759,-99.2361962424475
BUENOS AIRES,BENITO JUAREZ,19.4040404648704,-99.149818259344
SAN BARTOLO AMEYALCO,ALVARO OBREGON,19.328269227067,-99.2430919094509
ERMITA ZARAGOZA,NAN,19.3592618093684,-98.9938660863954
C T M ARAGON,NAN,19.4532327616514,-99.0521948744811
GRANJAS NAVIDAD,NAN,19.3769303753554,-99.2861088592083
EL ROSARIO,NAN,19.5133702723143,-99.1986521535414
JUAN GONZALEZ ROMERO,NAN,19.5093329683318,-99.0894363291824
AHUATENCO,NAN,19.3697913209925,-99.2998588618045
JUAN ESCUTIA,NAN,19.4005708010716,-99.0576710502458
ARPTO INT DE LA CD DE MEX-EQUIPAMIENTO,NAN,19.4502028278283,-99.0504775526535
LA CONCHITA ZAPOTITLAN,XOCHIMILCO,19.2719139259694,-99.0380913454717
POLVORILLA,TLAHUAC,19.3144085189508,-99.0417806646309
CONDESA,MIGUEL HIDALGO,19.419400923564,-99.1776113649396
ARENAL 2A. SECCION,NAN,19.4246645585284,-99.0549448042263
TRANSITO,VENUSTIANO CARRANZA,19.417003538473,-99.1276645841276
PUEBLO SAN NICOLAS TOTOLAPAN,TLALPAN,19.2866733585405,-99.2409478612502
BELISARIO DOMINGUEZ,COYOACAN,19.3061380767084,-99.1365918332014
ALAMOS,CUAUHTEMOC,19.403294210923,-99.1369478389237
EJIDO SAN MATEO,CUAJIMALPA DE MORELOS,19.3473651328055,-99.2621937044046
FUENTES DEL PEDREGAL,LA MAGDALENA CONTRERAS,19.3010044109722,-99.2328937628816
SANTA MARIA INSURGENTES,AZCAPOTZALCO,19.46327062664,-99.153393942829
NUEVA ATZACOALCO,NAN,19.505764786853,-99.0813265723753
PEDREGAL DE SAN NICOLAS 2A SECCION,LA MAGDALENA CONTRERAS,19.2889772183928,-99.2424096170059
TLALPEXCO,NAN,19.5426357826919,-99.1251807797144
LOMAS DE CHAPULTEPEC VIII SECCION,NAN,19.4268094525852,-99.2227354909671
SANTA FE,CUAJIMALPA DE MORELOS,19.3623161048064,-99.2633427550074
COLTONGO,GUSTAVO A. MADERO,19.4852715716486,-99.1504769044846
PEDREGAL DE CARRASCO,TLALPAN,19.3029375634,-99.1743557906
MILITAR MARTE,IZTAPALAPA,19.3824397520449,-99.122475640363
C T M EL RISCO,NAN,19.51066404,-99.0930255715
PANTEON CIVIL DE DOLORES,ALVARO OBREGON,19.398146477,-99.2165897942
SIMON BOLIVAR,GUSTAVO A. MADERO,19.451348936792,-99.0959491802096
PRO HOGAR,GUSTAVO A. MADERO,19.4756523531,-99.1468227673
SANTA CECILIA,TLALPAN,19.3009747436,-99.1149689857
NAN,IZTACALCO,19.4220721759988,-99.0558537802265
AMERICA,ALVARO OBREGON,19.4014958126,-99.2025304021
ACTIPAN,ALVARO OBREGON,19.3651196180327,-99.1777417697172
EL PRADO,BENITO JUAREZ,19.3583562054,-99.1396557766
ESCANDON II SECCION,BENITO JUAREZ,19.399129828,-99.1725953381
TACUBAYA,ALVARO OBREGON,19.4015003157,-99.1923289943
CAMPAMENTO 2 DE OCTUBRE,IZTAPALAPA,19.3823786069,-99.1216429822
COPILCO EL BAJO,ALVARO OBREGON,19.338590616403,-99.1903178401749
PORTALES ORIENTE,IZTAPALAPA,19.3671313187435,-99.1377206102962
RESIDENCIAL VILLA COAPA,XOCHIMILCO,19.2869765956,-99.1205833229
SAN JOSE INSURGENTES,ALVARO OBREGON,19.3630136940814,-99.1891336797159
NUEVA SANTA MARIA,MIGUEL HIDALGO,19.456832566014,-99.1662005001802
SANTA MARTHA ACATITLA NORTE,NAN,19.3804490811,-99.0141973802
BARRIO SANTA CATARINA,ALVARO OBREGON,19.3511254316702,-99.1783248300487
TACUBAYA,CUAUHTEMOC,19.4077704335,-99.1841338118
GRANJAS ESMERALDA,COYOACAN,19.3507206529436,-99.1203559897594
BANJIDAL,BENITO JUAREZ,19.3605203857017,-99.1391800701036
SAN GABRIEL,MIGUEL HIDALGO,19.3871138754,-99.2461909717
7 DE NOVIEMBRE,VENUSTIANO CARRANZA,19.4552442234,-99.1136788162
REFORMA IZTACCIHUATL SUR,BENITO JUAREZ,19.3787535031,-99.1351299591
ARGENTINA PONIENTE,NAN,19.4582364773,-99.2144130234
CUCHILLA LA JOYA,VENUSTIANO CARRANZA,19.4539962902939,-99.1121049402321
SANTA FE TLAYAPACA,CUAJIMALPA DE MORELOS,19.3579532116,-99.2605156544
DANIEL GARZA,ALVARO OBREGON,19.4020326513355,-99.2005014004365
ESCANDON I SECCION,CUAUHTEMOC,19.4067461667,-99.1809891462
BARRIO SAN ANTONIO CULHUACAN,COYOACAN,19.3395254279,-99.1142647113
ERMITA,COYOACAN,19.3570696037,-99.1415013881
SAN SEBASTIAN DEL PUEBLO SAN PEDRO TLAHUAC,XOCHIMILCO,19.2556860274777,-99.0112705499859
SAN MIGUEL TEOTONGO SECC PUENTE,NAN,19.3508919704,-98.9866930161
ERMITA,IZTAPALAPA,19.359536777391,-99.139399910235
SAN JUAN DE ARAGON III SECCION,VENUSTIANO CARRANZA,19.4493007492,-99.0767930805
EX EJIDO DE  SANTA URSULA COAPA,TLALPAN,19.3066507694,-99.1309250451
LOMAS DE VISTA HERMOSA,ALVARO OBREGON,19.3733745428,-99.2679470842
ALGARIN,BENITO JUAREZ,19.4036142931123,-99.1400482997582
PUEBLO SAN ANDRES TOMATLAN,COYOACAN,19.3251093055608,-99.1045114996788
CULHUACAN CTM SECCION VIII,IZTAPALAPA,19.3215957387594,-99.0996936302654
JAMAICA,CUAUHTEMOC,19.4046566059211,-99.1257622201307
CHIMALISTAC,COYOACAN,19.3404013483608,-99.188222590029
ANGEL ZIMBRON,MIGUEL HIDALGO,19.4642888116705,-99.1895719896339
5TO TRAMO 20 DE NOVIEMBRE,GUSTAVO A. MADERO,19.4523381917594,-99.1079225003262
PURISIMA ATLAZOLPA,IZTACALCO,19.3808796901152,-99.1068979721052
INSURGENTES CUICUILCO,TLALPAN,19.302314145764,-99.1910438047736
LOMAS DE SANTA FE,MIGUEL HIDALGO,19.3887432837645,-99.2400895115393
DEGOLLADO-MEXICATLALLI,TLAHUAC,19.315134219834,-99.0401283299999
